,id,code,day,net_value,sum_value,factor,acc_factor,refactor_net_value
0,12057612,161025,2019-07-15,0.885,1.402,1.0,0.910171,0.805501
1,12046009,161025,2019-07-12,0.865,1.394,1.0,0.910171,0.787298
2,12037971,161025,2019-07-11,0.863,1.393,1.0,0.910171,0.785478
3,12030355,161025,2019-07-10,0.867,1.395,1.0,0.910171,0.789118
4,12009921,161025,2019-07-09,0.868,1.395,1.0,0.910171,0.790028
5,12009920,161025,2019-07-08,0.866,1.394,1.0,0.910171,0.788208
6,11993950,161025,2019-07-05,0.892,1.405,1.0,0.910171,0.811873
7,11977741,161025,2019-07-04,0.887,1.403,1.0,0.910171,0.807322
8,11977740,161025,2019-07-03,0.896,1.406,1.0,0.910171,0.815513
9,11965317,161025,2019-07-02,0.909,1.411,1.0,0.910171,0.827345
10,11959438,161025,2019-07-01,0.915,1.414,1.0,0.910171,0.832806
11,11949875,161025,2019-06-30,0.88,1.4,1.0,0.910171,0.80095
12,11949874,161025,2019-06-28,0.88,1.4,1.0,0.910171,0.80095
13,11932605,161025,2019-06-27,0.883,1.401,1.0,0.910171,0.803681
14,11932604,161025,2019-06-26,0.867,1.395,1.0,0.910171,0.789118
15,11916926,161025,2019-06-25,0.862,1.393,1.0,0.910171,0.784567
16,11910390,161025,2019-06-24,0.876,1.398,1.0,0.910171,0.79731
17,11898826,161025,2019-06-21,0.881,1.4,1.0,0.910171,0.801861
18,11890031,161025,2019-06-20,0.864,1.394,1.0,0.910171,0.786388
19,11882292,161025,2019-06-19,0.844,1.386,1.0,0.910171,0.768184
20,11874542,161025,2019-06-18,0.828,1.38,1.0,0.910171,0.753622
21,11865123,161025,2019-06-17,0.824,1.378,1.0,0.910171,0.749981
22,11856584,161025,2019-06-14,0.828,1.38,1.0,0.910171,0.753622
23,11846946,161025,2019-06-13,0.844,1.386,1.0,0.910171,0.768184
24,11840777,161025,2019-06-12,0.844,1.386,1.0,0.910171,0.768184
25,11829317,161025,2019-06-11,0.851,1.389,1.0,0.910171,0.774556
26,11822395,161025,2019-06-10,0.825,1.378,1.0,0.910171,0.750891
27,11812311,161025,2019-06-06,0.812,1.373,1.0,0.910171,0.739059
28,11805436,161025,2019-06-05,0.827,1.379,1.0,0.910171,0.752711
29,11795384,161025,2019-06-04,0.824,1.378,1.0,0.910171,0.749981
30,11787953,161025,2019-06-03,0.831,1.381,1.0,0.910171,0.756352
31,11778367,161025,2019-05-31,0.832,1.381,1.0,0.910171,0.757262
32,11770293,161025,2019-05-30,0.831,1.381,1.0,0.910171,0.756352
33,11762067,161025,2019-05-29,0.842,1.385,1.0,0.910171,0.766364
34,11754947,161025,2019-05-28,0.848,1.387,1.0,0.910171,0.771825
35,11745622,161025,2019-05-27,0.842,1.385,1.0,0.910171,0.766364
36,11736576,161025,2019-05-24,0.821,1.377,1.0,0.910171,0.74725
37,11728461,161025,2019-05-23,0.826,1.379,1.0,0.910171,0.751801
38,11720717,161025,2019-05-22,0.851,1.389,1.0,0.910171,0.774556
39,11712372,161025,2019-05-21,0.846,1.387,1.0,0.910171,0.770005
40,11704639,161025,2019-05-20,0.833,1.382,1.0,0.910171,0.758172
41,11695385,161025,2019-05-17,0.837,1.383,1.0,0.910171,0.761813
42,11687640,161025,2019-05-16,0.862,1.393,1.0,0.910171,0.784567
43,11679855,161025,2019-05-15,0.865,1.394,1.0,0.910171,0.787298
44,11672170,161025,2019-05-14,0.848,1.387,1.0,0.910171,0.771825
45,11663190,161025,2019-05-13,0.855,1.39,1.0,0.910171,0.778196
46,11653765,161025,2019-05-10,0.871,1.396,1.0,0.910171,0.792759
47,11646942,161025,2019-05-09,0.832,1.381,1.0,0.910171,0.757262
48,11637232,161025,2019-05-08,0.839,1.384,1.0,0.910171,0.763633
49,11637231,161025,2019-05-07,0.846,1.387,1.0,0.910171,0.770005
50,11622271,161025,2019-05-06,0.837,1.383,1.0,0.910171,0.761813
51,11608828,161025,2019-04-30,0.904,1.409,1.0,0.910171,0.822795
52,11601237,161025,2019-04-29,0.906,1.41,1.0,0.910171,0.824615
53,11591425,161025,2019-04-26,0.919,1.415,1.0,0.910171,0.836447
54,11581341,161025,2019-04-25,0.925,1.418,1.0,0.910171,0.841908
55,11578781,161025,2019-04-24,0.955,1.429,1.0,0.910171,0.869213
56,11568378,161025,2019-04-23,0.937,1.422,1.0,0.910171,0.85283
57,11560722,161025,2019-04-22,0.95,1.427,1.0,0.910171,0.864662
58,11552039,161025,2019-04-19,0.964,1.433,1.0,0.910171,0.877405
59,11543847,161025,2019-04-18,0.955,1.429,1.0,0.910171,0.869213
60,11536210,161025,2019-04-17,0.961,1.432,1.0,0.910171,0.874674
61,11528614,161025,2019-04-16,0.955,1.429,1.0,0.910171,0.869213
62,11522761,161025,2019-04-15,0.928,1.419,1.0,0.910171,0.844639
63,11510197,161025,2019-04-12,0.935,1.421,1.0,0.910171,0.85101
64,11502280,161025,2019-04-11,0.938,1.423,1.0,0.910171,0.85374
65,11493313,161025,2019-04-10,0.957,1.43,1.0,0.910171,0.871034
66,11484345,161025,2019-04-09,0.955,1.429,1.0,0.910171,0.869213
67,11476597,161025,2019-04-08,0.952,1.428,1.0,0.910171,0.866483
68,11464896,161025,2019-04-04,0.973,1.436,1.0,0.910171,0.885596
69,11455691,161025,2019-04-03,0.972,1.436,1.0,0.910171,0.884686
70,11447654,161025,2019-04-02,0.966,1.434,1.0,0.910171,0.879225
71,11438566,161025,2019-04-01,0.962,1.432,1.0,0.910171,0.875585
72,11428305,161025,2019-03-29,0.927,1.418,1.0,0.910171,0.843729
73,11420584,161025,2019-03-28,0.896,1.406,1.0,0.910171,0.815513
74,11413116,161025,2019-03-27,0.898,1.407,1.0,0.910171,0.817334
75,11405111,161025,2019-03-26,0.898,1.407,1.0,0.910171,0.817334
76,11396530,161025,2019-03-25,0.922,1.416,1.0,0.910171,0.839178
77,11387572,161025,2019-03-22,0.931,1.42,1.0,0.910171,0.847369
78,11379678,161025,2019-03-21,0.932,1.42,1.0,0.910171,0.848279
79,11371939,161025,2019-03-20,0.923,1.417,1.0,0.910171,0.840088
80,11364414,161025,2019-03-19,0.931,1.42,1.0,0.910171,0.847369
81,11355945,161025,2019-03-18,0.927,1.418,1.0,0.910171,0.843729
82,11346941,161025,2019-03-15,0.906,1.41,1.0,0.910171,0.824615
83,11339215,161025,2019-03-14,0.902,1.409,1.0,0.910171,0.820974
84,11331109,161025,2019-03-13,0.917,1.414,1.0,0.910171,0.834627
85,11324264,161025,2019-03-12,0.956,1.43,1.0,0.910171,0.870123
86,11317829,161025,2019-03-11,0.937,1.422,1.0,0.910171,0.85283
87,11306749,161025,2019-03-08,0.907,1.41,1.0,0.910171,0.825525
88,11298808,161025,2019-03-07,0.927,1.418,1.0,0.910171,0.843729
89,11291003,161025,2019-03-06,0.925,1.418,1.0,0.910171,0.841908
90,11283816,161025,2019-03-05,0.913,1.413,1.0,0.910171,0.830986
91,11275317,161025,2019-03-04,0.892,1.405,1.0,0.910171,0.811873
92,11266918,161025,2019-03-01,0.878,1.399,1.0,0.910171,0.79913
93,11259000,161025,2019-02-28,0.87,1.396,1.0,0.910171,0.791849
94,11251723,161025,2019-02-27,0.865,1.394,1.0,0.910171,0.787298
95,11244355,161025,2019-02-26,0.879,1.4,1.0,0.910171,0.80004
96,11236138,161025,2019-02-25,0.883,1.401,1.0,0.910171,0.803681
97,11227818,161025,2019-02-22,0.834,1.382,1.0,0.910171,0.759083
98,11220182,161025,2019-02-21,0.804,1.37,1.0,0.910171,0.731777
99,11213318,161025,2019-02-20,0.802,1.37,1.0,0.910171,0.729957
100,11205769,161025,2019-02-19,0.805,1.371,1.0,0.910171,0.732688
101,11198066,161025,2019-02-18,0.807,1.371,1.0,0.910171,0.734508
102,11188976,161025,2019-02-15,0.776,1.359,1.0,0.910171,0.706293
103,11181372,161025,2019-02-14,0.786,1.363,1.0,0.910171,0.715394
104,11174527,161025,2019-02-13,0.784,1.362,1.0,0.910171,0.713574
105,11166762,161025,2019-02-12,0.764,1.355,1.0,0.910171,0.695371
106,11158127,161025,2019-02-11,0.759,1.353,1.0,0.910171,0.69082
107,11143755,161025,2019-02-01,0.736,1.344,1.0,0.910171,0.669886
108,11136386,161025,2019-01-31,0.714,1.335,1.0,0.910171,0.649862
109,11128355,161025,2019-01-30,0.716,1.336,1.0,0.910171,0.651682
110,11121245,161025,2019-01-29,0.724,1.339,1.0,0.910171,0.658964
111,11112480,161025,2019-01-28,0.729,1.341,1.0,0.910171,0.663515
112,11103881,161025,2019-01-25,0.73,1.341,1.0,0.910171,0.664425
113,11096229,161025,2019-01-24,0.73,1.341,1.0,0.910171,0.664425
114,11088880,161025,2019-01-23,0.724,1.339,1.0,0.910171,0.658964
115,11081583,161025,2019-01-22,0.722,1.338,1.0,0.910171,0.657143
116,11073114,161025,2019-01-21,0.734,1.343,1.0,0.910171,0.668066
117,11065416,161025,2019-01-18,0.725,1.339,1.0,0.910171,0.659874
118,11057452,161025,2019-01-17,0.72,1.338,1.0,0.910171,0.655323
119,11050088,161025,2019-01-16,0.728,1.341,1.0,0.910171,0.662604
120,11042831,161025,2019-01-15,0.728,1.341,1.0,0.910171,0.662604
121,11034540,161025,2019-01-14,0.713,1.335,1.0,0.910171,0.648952
122,11023946,161025,2019-01-11,0.722,1.338,1.0,0.910171,0.657143
123,11015870,161025,2019-01-10,0.718,1.337,1.0,0.910171,0.653503
124,11008382,161025,2019-01-09,0.72,1.338,1.0,0.910171,0.655323
125,11000682,161025,2019-01-08,0.718,1.337,1.0,0.910171,0.653503
126,10992019,161025,2019-01-07,0.72,1.338,1.0,0.910171,0.655323
127,10981797,161025,2019-01-04,0.704,1.331,1.0,0.910171,0.64076
128,10972112,161025,2019-01-03,0.688,1.325,1.0,0.910171,0.626198
129,10962663,161025,2019-01-02,0.7,1.33,1.0,0.910171,0.63712
130,10955129,161025,2018-12-31,0.708,1.333,1.0,0.910171,0.644401
131,10946771,161025,2018-12-28,0.708,1.333,1.0,0.910171,0.644401
132,10938539,161025,2018-12-27,0.71,1.334,1.0,0.910171,0.646221
133,10930896,161025,2018-12-26,0.717,1.336,1.0,0.910171,0.652593
134,10923603,161025,2018-12-25,0.724,1.339,1.0,0.910171,0.658964
135,10916933,161025,2018-12-24,0.726,1.34,1.0,0.910171,0.660784
136,10910482,161025,2018-12-21,0.716,1.336,1.0,0.910171,0.651682
137,10906306,161025,2018-12-20,0.718,1.337,1.0,0.910171,0.653503
138,10891480,161025,2018-12-19,0.716,1.336,1.0,0.910171,0.651682
139,10883350,161025,2018-12-18,0.726,1.34,1.0,0.910171,0.660784
140,10875603,161025,2018-12-17,0.732,1.342,1.0,0.910171,0.666245
141,10870902,161025,2018-12-14,0.737,1.344,1.0,0.910171,0.670796
142,10860291,161025,2018-12-13,0.776,1.35,1.0,0.910171,0.706293
143,10852995,161025,2018-12-12,0.767,1.347,1.0,0.910171,0.698101
144,10843734,161025,2018-12-11,0.766,1.347,1.0,0.910171,0.697191
145,10839518,161025,2018-12-10,0.76,1.344,1.0,0.910171,0.69173
146,10829204,161025,2018-12-07,0.766,1.347,1.0,0.910171,0.697191
147,10821182,161025,2018-12-06,0.766,1.347,1.0,0.910171,0.697191
148,10813471,161025,2018-12-05,0.788,1.355,1.0,0.910171,0.717215
149,10806346,161025,2018-12-04,0.791,1.356,1.0,0.910171,0.719945
150,10798694,161025,2018-12-03,0.791,1.356,1.0,0.910171,0.719945
151,10789736,161025,2018-11-30,0.762,1.345,1.0,0.910171,0.69355
152,10781960,161025,2018-11-29,0.753,1.342,1.0,0.910171,0.685359
153,10775334,161025,2018-11-28,0.768,1.347,1.0,0.910171,0.699011
154,10767348,161025,2018-11-27,0.759,1.344,1.0,0.910171,0.69082
155,10759321,161025,2018-11-26,0.753,1.342,1.0,0.910171,0.685359
156,10751261,161025,2018-11-23,0.755,1.342,1.0,0.910171,0.687179
157,10747171,161025,2018-11-22,0.779,1.352,1.0,0.910171,0.709023
158,10736843,161025,2018-11-21,0.78,1.352,1.0,0.910171,0.709933
159,10730250,161025,2018-11-20,0.78,1.352,1.0,0.910171,0.709933
160,10724758,161025,2018-11-19,0.802,1.36,1.0,0.910171,0.729957
161,10713291,161025,2018-11-16,0.803,1.361,1.0,0.910171,0.730867
162,10706417,161025,2018-11-15,0.796,1.358,1.0,0.910171,0.724496
163,10701333,161025,2018-11-14,0.785,1.354,1.0,0.910171,0.714484
164,10691239,161025,2018-11-13,0.791,1.356,1.0,0.910171,0.719945
165,10682914,161025,2018-11-12,0.784,1.353,1.0,0.910171,0.713574
166,10674486,161025,2018-11-09,0.764,1.346,1.0,0.910171,0.695371
167,10666240,161025,2018-11-08,0.761,1.345,1.0,0.910171,0.69264
168,10660299,161025,2018-11-07,0.771,1.349,1.0,0.910171,0.701742
169,10652576,161025,2018-11-06,0.772,1.349,1.0,0.910171,0.702652
170,10643311,161025,2018-11-05,0.778,1.351,1.0,0.910171,0.708113
171,10634065,161025,2018-11-02,0.78,1.352,1.0,0.910171,0.709933
172,10626156,161025,2018-11-01,0.743,1.338,1.0,0.910171,0.676257
173,10618729,161025,2018-10-31,0.734,1.335,1.0,0.910171,0.668066
174,10611374,161025,2018-10-30,0.723,1.33,1.0,0.910171,0.658054
175,10602649,161025,2018-10-29,0.723,1.33,1.0,0.910171,0.658054
176,10594009,161025,2018-10-26,0.737,1.336,1.0,0.910171,0.670796
177,10587310,161025,2018-10-25,0.743,1.338,1.0,0.910171,0.676257
178,10579257,161025,2018-10-24,0.749,1.34,1.0,0.910171,0.681718
179,10573244,161025,2018-10-23,0.756,1.343,1.0,0.910171,0.688089
180,10564509,161025,2018-10-22,0.778,1.351,1.0,0.910171,0.708113
181,10556704,161025,2018-10-19,0.738,1.336,1.0,0.910171,0.671706
182,10549225,161025,2018-10-18,0.715,1.327,1.0,0.910171,0.650772
183,10542279,161025,2018-10-17,0.727,1.332,1.0,0.910171,0.661694
184,10527659,161025,2018-10-16,0.721,1.33,1.0,0.910171,0.656233
185,10434162,161025,2018-10-15,0.74,1.337,1.0,0.910171,0.673527
186,9990674,161025,2018-10-12,0.75,1.341,1.0,0.910171,0.682628
187,9843835,161025,2018-10-11,0.744,1.338,1.0,0.910171,0.677167
188,9711983,161025,2018-10-10,0.794,1.357,1.0,0.910171,0.722676
189,9580201,161025,2018-10-09,0.801,1.36,1.0,0.910171,0.729047
190,9534435,161025,2018-10-08,0.809,1.363,1.0,0.910171,0.736328
191,9434603,161025,2018-09-28,0.848,1.378,1.0,0.910171,0.771825
192,9302036,161025,2018-09-27,0.841,1.375,1.0,0.910171,0.765454
193,9281591,161025,2018-09-26,0.852,1.379,1.0,0.910171,0.775466
194,9271642,161025,2018-09-25,0.845,1.377,1.0,0.910171,0.769094
195,9238825,161025,2018-09-21,0.847,1.377,1.0,0.910171,0.770915
196,9231703,161025,2018-09-20,0.828,1.37,1.0,0.910171,0.753622
197,9215049,161025,2018-09-19,0.83,1.371,1.0,0.910171,0.755442
198,9194185,161025,2018-09-18,0.818,1.366,1.0,0.910171,0.74452
199,9187102,161025,2018-09-17,0.803,1.361,1.0,0.910171,0.730867
200,9149103,161025,2018-09-14,0.815,1.365,1.0,0.910171,0.741789
201,9149102,161025,2018-09-13,0.825,1.369,1.0,0.910171,0.750891
202,9125379,161025,2018-09-12,0.818,1.366,1.0,0.910171,0.74452
203,9109858,161025,2018-09-11,0.824,1.369,1.0,0.910171,0.749981
204,9101281,161025,2018-09-10,0.821,1.367,1.0,0.910171,0.74725
205,9070936,161025,2018-09-07,0.843,1.376,1.0,0.910171,0.767274
206,9063348,161025,2018-09-06,0.85,1.378,1.0,0.910171,0.773645
207,9046361,161025,2018-09-05,0.855,1.38,1.0,0.910171,0.778196
208,9013985,161025,2018-09-04,0.871,1.386,1.0,0.910171,0.792759
209,9013984,161025,2018-09-03,0.861,1.383,1.0,0.910171,0.783657
210,8982087,161025,2018-08-31,0.86,1.382,1.0,0.910171,0.782747
211,8973423,161025,2018-08-30,0.872,1.387,1.0,0.910171,0.793669
212,8958027,161025,2018-08-29,0.884,1.391,1.0,0.910171,0.804591
213,8947842,161025,2018-08-28,0.891,1.394,1.0,0.910171,0.810962
214,8935094,161025,2018-08-27,0.889,1.393,1.0,0.910171,0.809142
215,8901189,161025,2018-08-24,0.86,1.382,1.0,0.910171,0.782747
216,8894492,161025,2018-08-23,0.867,1.385,1.0,0.910171,0.789118
217,8889243,161025,2018-08-22,0.856,1.381,1.0,0.910171,0.779106
218,8862248,161025,2018-08-21,0.869,1.386,1.0,0.910171,0.790939
219,8853982,161025,2018-08-20,0.857,1.381,1.0,0.910171,0.780017
220,8815320,161025,2018-08-17,0.845,1.377,1.0,0.910171,0.769094
221,8808150,161025,2018-08-16,0.86,1.382,1.0,0.910171,0.782747
222,8790306,161025,2018-08-15,0.868,1.385,1.0,0.910171,0.790028
223,8780374,161025,2018-08-14,0.89,1.394,1.0,0.910171,0.810052
224,8764993,161025,2018-08-13,0.899,1.397,1.0,0.910171,0.818244
225,8735370,161025,2018-08-10,0.886,1.392,1.0,0.910171,0.806412
226,8727019,161025,2018-08-09,0.877,1.389,1.0,0.910171,0.79822
227,8706153,161025,2018-08-08,0.842,1.375,1.0,0.910171,0.766364
228,8692507,161025,2018-08-07,0.863,1.383,1.0,0.910171,0.785478
229,8683764,161025,2018-08-06,0.841,1.375,1.0,0.910171,0.765454
230,8651816,161025,2018-08-03,0.862,1.383,1.0,0.910171,0.784567
231,8644868,161025,2018-08-02,0.887,1.392,1.0,0.910171,0.807322
232,8627433,161025,2018-08-01,0.91,1.401,1.0,0.910171,0.828256
233,8609823,161025,2018-07-31,0.923,1.406,1.0,0.910171,0.840088
234,8594759,161025,2018-07-30,0.928,1.408,1.0,0.910171,0.844639
235,8572293,161025,2018-07-27,0.945,1.414,1.0,0.910171,0.860112
236,8566346,161025,2018-07-26,0.952,1.417,1.0,0.910171,0.866483
237,8547951,161025,2018-07-25,0.973,1.425,1.0,0.910171,0.885596
238,8534124,161025,2018-07-24,0.972,1.425,1.0,0.910171,0.884686
239,8528457,161025,2018-07-23,0.965,1.422,1.0,0.910171,0.878315
240,8494676,161025,2018-07-20,0.955,1.418,1.0,0.910171,0.869213
241,8483945,161025,2018-07-19,0.943,1.414,1.0,0.910171,0.858291
242,8476366,161025,2018-07-18,0.947,1.415,1.0,0.910171,0.861932
243,8462756,161025,2018-07-17,0.959,1.42,1.0,0.910171,0.872854
244,8449181,161025,2018-07-16,0.958,1.419,1.0,0.910171,0.871944
245,8412498,161025,2018-07-13,0.957,1.419,1.0,0.910171,0.871034
246,8405611,161025,2018-07-12,0.951,1.417,1.0,0.910171,0.865573
247,8387055,161025,2018-07-11,0.919,1.405,1.0,0.910171,0.836447
248,8368653,161025,2018-07-10,0.934,1.41,1.0,0.910171,0.8501
249,8352875,161025,2018-07-09,0.926,1.407,1.0,0.910171,0.842818
250,8320260,161025,2018-07-06,0.902,1.398,1.0,0.910171,0.820974
251,8313548,161025,2018-07-05,0.896,1.396,1.0,0.910171,0.815513
252,8293598,161025,2018-07-04,0.913,1.402,1.0,0.910171,0.830986
253,8257367,161025,2018-07-03,0.935,1.411,1.0,0.910171,0.85101
254,8243241,161025,2018-07-02,0.929,1.408,1.0,0.910171,0.845549
255,8243240,161025,2018-06-30,0.945,1.414,1.0,0.910171,0.860112
256,8221012,161025,2018-06-29,0.945,1.414,1.0,0.910171,0.860112
257,8208990,161025,2018-06-28,0.908,1.4,1.0,0.910171,0.826435
258,8199782,161025,2018-06-27,0.916,1.403,1.0,0.910171,0.833717
259,8095783,161025,2018-06-26,0.928,1.408,1.0,0.910171,0.844639
260,8075570,161025,2018-06-25,0.914,1.403,1.0,0.910171,0.831896
261,8038025,161025,2018-06-22,0.918,1.404,1.0,0.910171,0.835537
262,8030885,161025,2018-06-21,0.903,1.399,1.0,0.910171,0.821884
263,8008236,161025,2018-06-20,0.927,1.408,1.0,0.910171,0.843729
264,7993117,161025,2018-06-19,0.921,1.405,1.0,0.910171,0.838267
265,7926752,161025,2018-06-15,0.972,1.425,1.0,0.910171,0.884686
266,7913923,161025,2018-06-14,0.987,1.43,1.0,0.910171,0.898339
267,7895937,161025,2018-06-13,0.994,1.433,1.0,0.910171,0.90471
268,7876883,161025,2018-06-12,1.008,1.438,1.0,0.910171,0.917452
269,7855833,161025,2018-06-11,0.998,1.434,1.0,0.910171,0.908351
270,7855832,161025,2018-06-08,1.007,1.438,1.0,0.910171,0.916542
271,7807735,161025,2018-06-07,1.015,1.441,1.0,0.910171,0.923824
272,7775106,161025,2018-06-06,1.027,1.445,1.0,0.910171,0.934746
273,7766423,161025,2018-06-05,1.026,1.445,1.0,0.910171,0.933835
274,7750658,161025,2018-06-04,1.0,1.435,1.0,0.910171,0.910171
275,7705701,161025,2018-06-01,1.004,1.437,1.0,0.910171,0.913812
276,7695409,161025,2018-05-31,1.017,1.442,1.0,0.910171,0.925644
277,7676408,161025,2018-05-30,0.997,1.434,1.0,0.910171,0.90744
278,7654587,161025,2018-05-29,1.026,1.445,1.0,0.910171,0.933835
279,7639600,161025,2018-05-28,1.03,1.447,1.0,0.910171,0.937476
280,7591084,161025,2018-05-25,1.028,1.446,1.0,0.910171,0.935656
281,7578539,161025,2018-05-24,1.043,1.452,1.0,0.910171,0.949308
282,7578538,161025,2018-05-23,1.049,1.454,1.0,0.910171,0.954769
283,7557106,161025,2018-05-22,1.062,1.459,1.0,0.910171,0.966602
284,7536723,161025,2018-05-21,1.057,1.457,1.0,0.910171,0.962051
285,7518896,161025,2018-05-18,1.037,1.449,1.0,0.910171,0.943847
286,7493414,161025,2018-05-17,1.033,1.448,1.0,0.910171,0.940207
287,7466290,161025,2018-05-16,1.043,1.452,1.0,0.910171,0.949308
288,7447854,161025,2018-05-15,1.049,1.454,1.0,0.910171,0.954769
289,7433113,161025,2018-05-14,1.042,1.451,1.0,0.910171,0.948398
290,7389641,161025,2018-05-11,1.033,1.448,1.0,0.910171,0.940207
291,7378190,161025,2018-05-10,1.038,1.45,1.0,0.910171,0.944757
292,7362053,161025,2018-05-09,1.033,1.448,1.0,0.910171,0.940207
293,7343150,161025,2018-05-08,1.034,1.448,1.0,0.910171,0.941117
294,7324096,161025,2018-05-07,1.026,1.445,1.0,0.910171,0.933835
295,7282726,161025,2018-05-04,1.008,1.438,1.0,0.910171,0.917452
296,7271113,161025,2018-05-03,1.014,1.441,1.0,0.910171,0.922913
297,7252191,161025,2018-05-02,0.998,1.434,1.0,0.910171,0.908351
298,7183881,161025,2018-04-27,0.995,1.433,1.0,0.910171,0.90562
299,7173338,161025,2018-04-26,0.99,1.431,1.0,0.910171,0.901069
300,7161641,161025,2018-04-25,1.016,1.441,1.0,0.910171,0.924734
301,7150492,161025,2018-04-24,1.013,1.44,1.0,0.910171,0.922003
302,7130547,161025,2018-04-23,0.988,1.431,1.0,0.910171,0.899249
303,7089377,161025,2018-04-20,1.003,1.436,1.0,0.910171,0.912902
304,7077722,161025,2018-04-19,1.024,1.444,1.0,0.910171,0.932015
305,7059395,161025,2018-04-18,1.02,1.443,1.0,0.910171,0.928374
306,7043041,161025,2018-04-17,1.017,1.442,1.0,0.910171,0.925644
307,7025249,161025,2018-04-16,1.052,1.455,1.0,0.910171,0.9575
308,6981055,161025,2018-04-13,1.05,1.454,1.0,0.910171,0.95568
309,6970264,161025,2018-04-12,1.05,1.454,1.0,0.910171,0.95568
310,6952957,161025,2018-04-11,1.059,1.458,1.0,0.910171,0.963871
311,6930029,161025,2018-04-10,1.056,1.456,1.0,0.910171,0.961141
312,6914466,161025,2018-04-09,1.045,1.452,1.0,0.910171,0.951129
313,6855833,161025,2018-04-04,1.047,1.453,1.0,0.910171,0.952949
314,6836712,161025,2018-04-03,1.063,1.459,1.0,0.910171,0.967512
315,6818627,161025,2018-04-02,1.078,1.465,1.0,0.910171,0.981164
316,6771050,161025,2018-03-30,1.078,1.465,1.0,0.910171,0.981164
317,6760145,161025,2018-03-29,1.059,1.458,1.0,0.910171,0.963871
318,6739838,161025,2018-03-28,1.063,1.459,1.0,0.910171,0.967512
319,6721703,161025,2018-03-27,1.082,1.466,1.0,0.910171,0.984805
320,6702878,161025,2018-03-26,1.052,1.455,1.0,0.910171,0.9575
321,6658417,161025,2018-03-23,1.03,1.447,1.0,0.910171,0.937476
322,6646558,161025,2018-03-22,1.083,1.467,1.0,0.910171,0.985715
323,6628289,161025,2018-03-21,1.091,1.47,1.0,0.910171,0.992997
324,6608445,161025,2018-03-20,1.105,1.475,1.0,0.910171,1.005739
325,6586717,161025,2018-03-19,1.105,1.475,1.0,0.910171,1.005739
326,6563147,161025,2018-03-16,1.097,1.472,1.0,0.910171,0.998458
327,6550799,161025,2018-03-15,1.112,1.478,1.0,0.910171,1.01211
328,6541159,161025,2018-03-14,1.109,1.477,1.0,0.910171,1.00938
329,6515173,161025,2018-03-13,1.123,1.482,1.0,0.910171,1.022122
330,6474947,161025,2018-03-12,1.137,1.487,1.0,0.910171,1.034864
331,5149763,161025,2018-03-09,1.119,1.48,1.0,0.910171,1.018481
332,5137281,161025,2018-03-08,1.09,1.469,1.0,0.910171,0.992086
333,5137280,161025,2018-03-07,1.086,1.468,1.0,0.910171,0.988446
334,5127922,161025,2018-03-06,1.1,1.473,1.0,0.910171,1.001188
335,5094224,161025,2018-03-05,1.088,1.469,1.0,0.910171,0.990266
336,5094223,161025,2018-03-02,1.077,1.464,1.0,0.910171,0.980254
337,4949224,161025,2018-03-01,1.091,1.47,1.0,0.910171,0.992997
338,4949223,161025,2018-02-28,1.07,1.462,1.0,0.910171,0.973883
339,4949222,161025,2018-02-27,1.062,1.459,1.0,0.910171,0.966602
340,4949221,161025,2018-02-26,1.057,1.457,1.0,0.910171,0.962051
341,4949220,161025,2018-02-23,1.018,1.442,1.0,0.910171,0.926554
342,4949219,161025,2018-02-22,1.023,1.444,1.0,0.910171,0.931105
343,4949218,161025,2018-02-14,0.999,1.435,1.0,0.910171,0.909261
344,4949217,161025,2018-02-13,0.996,1.434,1.0,0.910171,0.90653
345,4949216,161025,2018-02-12,0.994,1.433,1.0,0.910171,0.90471
346,4949215,161025,2018-02-09,0.957,1.419,1.0,0.910171,0.871034
347,4949214,161025,2018-02-08,0.982,1.428,1.0,0.910171,0.893788
348,4949213,161025,2018-02-07,0.961,1.42,1.0,0.910171,0.874674
349,4949212,161025,2018-02-06,0.957,1.419,1.0,0.910171,0.871034
350,4949211,161025,2018-02-05,1.006,1.438,1.0,0.910171,0.915632
351,4949210,161025,2018-02-02,1.019,1.442,1.0,0.910171,0.927464
352,4949209,161025,2018-02-01,1.007,1.438,1.0,0.910171,0.916542
353,4949208,161025,2018-01-31,1.032,1.447,1.0,0.910171,0.939296
354,4949207,161025,2018-01-30,1.049,1.454,1.0,0.910171,0.954769
355,4949206,161025,2018-01-29,1.05,1.454,1.0,0.910171,0.95568
356,4949205,161025,2018-01-26,1.08,1.466,1.0,0.910171,0.982985
357,4949204,161025,2018-01-25,1.088,1.469,1.0,0.910171,0.990266
358,4949203,161025,2018-01-24,1.095,1.471,1.0,0.910171,0.996637
359,4949202,161025,2018-01-23,1.079,1.465,1.0,0.910171,0.982075
360,4949201,161025,2018-01-22,1.08,1.466,1.0,0.910171,0.982985
361,4949200,161025,2018-01-19,1.062,1.459,1.0,0.910171,0.966602
362,4949199,161025,2018-01-18,1.061,1.458,1.0,0.910171,0.965691
363,4949198,161025,2018-01-17,1.067,1.461,1.0,0.910171,0.971152
364,4949197,161025,2018-01-16,1.069,1.461,1.0,0.910171,0.972973
365,4949196,161025,2018-01-15,1.074,1.463,1.0,0.910171,0.977524
366,4949195,161025,2018-01-12,1.1,1.473,1.0,0.910171,1.001188
367,4949194,161025,2018-01-11,1.112,1.478,1.0,0.910171,1.01211
368,1516321,161025,2018-01-10,1.103,1.474,1.0,0.910171,1.01586
369,1516320,161025,2018-01-09,1.108,1.476,1.0,0.910171,1.020465
370,1516319,161025,2018-01-08,1.1,1.473,1.0,0.910171,1.013097
371,1516318,161025,2018-01-05,1.107,1.476,1.0,0.910171,1.019544
372,1516317,161025,2018-01-04,1.115,1.479,1.0,0.910171,1.026912
373,1516316,161025,2018-01-03,1.114,1.478,1.0,0.910171,1.025991
374,1516315,161025,2018-01-02,1.096,1.472,1.0,0.910171,1.009413
375,1516314,161025,2017-12-31,1.094,1.471,1.0,0.910171,1.007571
376,1516313,161025,2017-12-29,1.094,1.471,1.0,0.910171,1.007571
377,1516312,161025,2017-12-28,1.083,1.467,1.0,0.910171,0.99744
378,1516311,161025,2017-12-27,1.084,1.467,1.0,0.910171,0.998361
379,1516310,161025,2017-12-26,1.104,1.475,1.0,0.910171,1.016781
380,1516309,161025,2017-12-25,1.102,1.474,1.0,0.910171,1.014939
381,1516308,161025,2017-12-22,1.118,1.48,1.0,0.910171,1.029675
382,1516307,161025,2017-12-21,1.125,1.483,1.0,0.910171,1.036122
383,1516306,161025,2017-12-20,1.107,1.476,1.0,0.910171,1.019544
384,1516305,161025,2017-12-19,1.115,1.479,1.0,0.910171,1.026912
385,1516304,161025,2017-12-18,1.104,1.475,1.0,0.910171,1.016781
386,1516303,161025,2017-12-15,1.115,1.479,1.011894,0.910171,1.026912
387,1516302,161025,2017-12-14,1.139,1.483,1.0,0.910171,1.036685
388,1516301,161025,2017-12-13,1.144,1.485,1.0,0.910171,1.041236
389,1516300,161025,2017-12-12,1.139,1.483,1.0,0.910171,1.036685
390,1516299,161025,2017-12-11,1.148,1.486,1.0,0.910171,1.044876
391,1516298,161025,2017-12-08,1.124,1.477,1.0,0.910171,1.023032
392,1516297,161025,2017-12-07,1.108,1.471,1.0,0.910171,1.008469
393,1516296,161025,2017-12-06,1.119,1.475,1.0,0.910171,1.018481
394,1516295,161025,2017-12-05,1.109,1.472,1.0,0.910171,1.00938
395,1516294,161025,2017-12-04,1.133,1.481,1.0,0.910171,1.031224
396,1516293,161025,2017-12-01,1.131,1.48,1.0,0.910171,1.029403
397,1516292,161025,2017-11-30,1.114,1.473,1.0,0.910171,1.01393
398,1516291,161025,2017-11-29,1.129,1.479,1.0,0.910171,1.027583
399,1516290,161025,2017-11-28,1.14,1.483,1.0,0.910171,1.037595
400,1516289,161025,2017-11-27,1.116,1.474,1.0,0.910171,1.015751
401,1516288,161025,2017-11-24,1.141,1.484,1.0,0.910171,1.038505
402,1516287,161025,2017-11-23,1.154,1.489,1.0,0.910171,1.050337
403,1516286,161025,2017-11-22,1.202,1.507,1.0,0.910171,1.094026
404,1516285,161025,2017-11-21,1.21,1.51,1.0,0.910171,1.101307
405,1516284,161025,2017-11-20,1.199,1.506,1.0,0.910171,1.091295
406,1516283,161025,2017-11-17,1.175,1.497,1.0,0.910171,1.069451
407,1516282,161025,2017-11-16,1.209,1.509,1.0,0.910171,1.100397
408,1516281,161025,2017-11-15,1.198,1.505,1.0,0.910171,1.090385
409,1516280,161025,2017-11-14,1.217,1.512,1.0,0.910171,1.107678
410,1516279,161025,2017-11-13,1.233,1.519,1.0,0.910171,1.122241
411,1516278,161025,2017-11-10,1.221,1.514,1.0,0.910171,1.111319
412,1516277,161025,2017-11-09,1.207,1.509,1.0,0.910171,1.098576
413,1516276,161025,2017-11-08,1.188,1.502,1.0,0.910171,1.081283
414,1516275,161025,2017-11-07,1.191,1.503,1.0,0.910171,1.084014
415,1516274,161025,2017-11-06,1.181,1.499,1.0,0.910171,1.074912
416,1516273,161025,2017-11-03,1.155,1.489,1.0,0.910171,1.051248
417,1516272,161025,2017-11-02,1.155,1.489,1.0,0.910171,1.051248
418,1516271,161025,2017-11-01,1.164,1.492,1.0,0.910171,1.059439
419,1516270,161025,2017-10-31,1.174,1.496,1.0,0.910171,1.068541
420,1516269,161025,2017-10-30,1.165,1.493,1.0,0.910171,1.060349
421,1516268,161025,2017-10-27,1.171,1.495,1.0,0.910171,1.06581
422,1516267,161025,2017-10-26,1.176,1.497,1.0,0.910171,1.070361
423,1516266,161025,2017-10-25,1.18,1.498,1.0,0.910171,1.074002
424,1516265,161025,2017-10-24,1.163,1.492,1.0,0.910171,1.058529
425,1516264,161025,2017-10-23,1.161,1.491,1.0,0.910171,1.056709
426,1516263,161025,2017-10-20,1.148,1.486,1.0,0.910171,1.044876
427,1516262,161025,2017-10-19,1.144,1.485,1.0,0.910171,1.041236
428,1516261,161025,2017-10-18,1.149,1.487,1.0,0.910171,1.045786
429,1516260,161025,2017-10-17,1.146,1.486,1.0,0.910171,1.043056
430,1516259,161025,2017-10-16,1.149,1.487,1.0,0.910171,1.045786
431,1516258,161025,2017-10-13,1.163,1.492,1.0,0.910171,1.058529
432,1516257,161025,2017-10-12,1.15,1.487,1.0,0.910171,1.046697
433,1516256,161025,2017-10-11,1.142,1.484,1.0,0.910171,1.039415
434,1516255,161025,2017-10-10,1.148,1.486,1.0,0.910171,1.044876
435,1516254,161025,2017-10-09,1.147,1.486,1.0,0.910171,1.043966
436,1516253,161025,2017-09-29,1.13,1.48,1.0,0.910171,1.028493
437,1516252,161025,2017-09-28,1.125,1.478,1.0,0.910171,1.023942
438,1516251,161025,2017-09-27,1.118,1.475,1.0,0.910171,1.017571
439,1516250,161025,2017-09-26,1.106,1.47,1.0,0.910171,1.006649
440,1516249,161025,2017-09-25,1.104,1.47,1.0,0.910171,1.004829
441,1516248,161025,2017-09-22,1.117,1.475,1.0,0.910171,1.016661
442,1516247,161025,2017-09-21,1.116,1.474,1.0,0.910171,1.015751
443,1516246,161025,2017-09-20,1.124,1.477,1.0,0.910171,1.023032
444,1516245,161025,2017-09-19,1.119,1.475,1.0,0.910171,1.018481
445,1516244,161025,2017-09-18,1.127,1.478,1.0,0.910171,1.025763
446,1516243,161025,2017-09-15,1.118,1.475,1.0,0.910171,1.017571
447,1516242,161025,2017-09-14,1.123,1.477,1.0,0.910171,1.022122
448,1516241,161025,2017-09-13,1.127,1.478,1.0,0.910171,1.025763
449,1516240,161025,2017-09-12,1.13,1.48,1.0,0.910171,1.028493
450,1516239,161025,2017-09-11,1.128,1.479,1.0,0.910171,1.026673
451,1516238,161025,2017-09-08,1.12,1.476,1.0,0.910171,1.019392
452,1516237,161025,2017-09-07,1.122,1.477,1.0,0.910171,1.021212
453,1516236,161025,2017-09-06,1.129,1.479,1.0,0.910171,1.027583
454,1516235,161025,2017-09-05,1.125,1.478,1.0,0.910171,1.023942
455,1516234,161025,2017-09-04,1.124,1.477,1.0,0.910171,1.023032
456,1516233,161025,2017-09-01,1.111,1.472,1.0,0.910171,1.0112
457,1516232,161025,2017-08-31,1.098,1.467,1.0,0.910171,0.999368
458,1516231,161025,2017-08-30,1.096,1.467,1.0,0.910171,0.997547
459,1516230,161025,2017-08-29,1.091,1.465,1.0,0.910171,0.992997
460,1516229,161025,2017-08-28,1.095,1.466,1.0,0.910171,0.996637
461,1516228,161025,2017-08-25,1.082,1.461,1.0,0.910171,0.984805
462,1516227,161025,2017-08-24,1.073,1.458,1.0,0.910171,0.976613
463,1516226,161025,2017-08-23,1.083,1.462,1.0,0.910171,0.985715
464,1516225,161025,2017-08-22,1.088,1.464,1.0,0.910171,0.990266
465,1516224,161025,2017-08-21,1.097,1.467,1.0,0.910171,0.998458
466,1516223,161025,2017-08-18,1.086,1.463,1.0,0.910171,0.988446
467,1516222,161025,2017-08-17,1.093,1.466,1.0,0.910171,0.994817
468,1516221,161025,2017-08-16,1.087,1.463,1.0,0.910171,0.989356
469,1516220,161025,2017-08-15,1.075,1.459,1.0,0.910171,0.978434
470,1516219,161025,2017-08-14,1.068,1.456,1.0,0.910171,0.972063
471,1516218,161025,2017-08-11,1.034,1.443,1.0,0.910171,0.941117
472,1516217,161025,2017-08-10,1.043,1.447,1.0,0.910171,0.949308
473,1516216,161025,2017-08-09,1.043,1.447,1.0,0.910171,0.949308
474,1516215,161025,2017-08-08,1.038,1.445,1.0,0.910171,0.944757
475,1516214,161025,2017-08-07,1.028,1.441,1.0,0.910171,0.935656
476,1516213,161025,2017-08-04,1.024,1.439,1.0,0.910171,0.932015
477,1516212,161025,2017-08-03,1.032,1.442,1.0,0.910171,0.939296
478,1516211,161025,2017-08-02,1.04,1.445,1.0,0.910171,0.946578
479,1516210,161025,2017-08-01,1.051,1.45,1.0,0.910171,0.95659
480,1516209,161025,2017-07-31,1.05,1.449,1.0,0.910171,0.95568
481,1516208,161025,2017-07-28,1.044,1.447,1.0,0.910171,0.950219
482,1516207,161025,2017-07-27,1.045,1.447,1.0,0.910171,0.951129
483,1516206,161025,2017-07-26,1.022,1.439,1.0,0.910171,0.930195
484,1516205,161025,2017-07-25,1.031,1.442,1.0,0.910171,0.938386
485,1516204,161025,2017-07-24,1.036,1.444,1.0,0.910171,0.942937
486,1516203,161025,2017-07-21,1.034,1.443,1.0,0.910171,0.941117
487,1516202,161025,2017-07-20,1.032,1.442,1.0,0.910171,0.939296
488,1516201,161025,2017-07-19,1.022,1.439,1.0,0.910171,0.930195
489,1516200,161025,2017-07-18,1.001,1.431,1.0,0.910171,0.911081
490,1516199,161025,2017-07-17,0.999,1.43,1.0,0.910171,0.909261
491,1516198,161025,2017-07-14,1.036,1.444,1.0,0.910171,0.942937
492,1516197,161025,2017-07-13,1.04,1.445,1.0,0.910171,0.946578
493,1516196,161025,2017-07-12,1.044,1.447,1.0,0.910171,0.950219
494,1516195,161025,2017-07-11,1.046,1.448,1.0,0.910171,0.952039
495,1516194,161025,2017-07-10,1.054,1.451,1.0,0.910171,0.95932
496,1516193,161025,2017-07-07,1.068,1.456,1.0,0.910171,0.972063
497,1516192,161025,2017-07-06,1.07,1.457,1.0,0.910171,0.973883
498,1516191,161025,2017-07-05,1.071,1.457,1.0,0.910171,0.974793
499,1516190,161025,2017-07-04,1.062,1.454,1.0,0.910171,0.966602
500,1516189,161025,2017-07-03,1.064,1.455,1.0,0.910171,0.968422
501,1516188,161025,2017-06-30,1.065,1.455,1.0,0.910171,0.969332
502,1516187,161025,2017-06-29,1.063,1.454,1.0,0.910171,0.967512
503,1516186,161025,2017-06-28,1.05,1.449,1.0,0.910171,0.95568
504,1516185,161025,2017-06-27,1.06,1.453,1.0,0.910171,0.964781
505,1516184,161025,2017-06-26,1.061,1.453,1.0,0.910171,0.965691
506,1516183,161025,2017-06-23,1.044,1.447,1.0,0.910171,0.950219
507,1516182,161025,2017-06-22,1.036,1.444,1.0,0.910171,0.942937
508,1516181,161025,2017-06-21,1.048,1.448,1.0,0.910171,0.953859
509,1516180,161025,2017-06-20,1.038,1.445,1.0,0.910171,0.944757
510,1516179,161025,2017-06-19,1.036,1.444,1.0,0.910171,0.942937
511,1516178,161025,2017-06-16,1.032,1.442,1.0,0.910171,0.939296
512,1516177,161025,2017-06-15,1.032,1.442,1.0,0.910171,0.939296
513,1516176,161025,2017-06-14,1.023,1.439,1.0,0.910171,0.931105
514,1516175,161025,2017-06-13,1.029,1.441,1.0,0.910171,0.936566
515,1516174,161025,2017-06-12,1.019,1.438,1.0,0.910171,0.927464
516,1516173,161025,2017-06-09,1.034,1.443,1.0,0.910171,0.941117
517,1516172,161025,2017-06-08,1.032,1.442,1.0,0.910171,0.939296
518,1516171,161025,2017-06-07,1.031,1.442,1.0,0.910171,0.938386
519,1516170,161025,2017-06-06,1.01,1.434,1.0,0.910171,0.919273
520,1516169,161025,2017-06-05,1.003,1.431,1.0,0.910171,0.912902
521,1516168,161025,2017-06-02,0.992,1.427,1.0,0.910171,0.90289
522,1516167,161025,2017-06-01,0.985,1.425,1.0,0.910171,0.896518
523,1516166,161025,2017-05-31,0.998,1.43,1.0,0.910171,0.908351
524,1516165,161025,2017-05-26,0.998,1.43,1.0,0.910171,0.908351
525,1516164,161025,2017-05-25,1.003,1.431,1.0,0.910171,0.912902
526,1516163,161025,2017-05-24,0.998,1.43,1.0,0.910171,0.908351
527,1516162,161025,2017-05-23,0.993,1.428,1.0,0.910171,0.9038
528,1516161,161025,2017-05-22,1.014,1.436,1.0,0.910171,0.922913
529,1516160,161025,2017-05-19,1.02,1.438,1.0,0.910171,0.928374
530,1516159,161025,2017-05-18,1.026,1.44,1.0,0.910171,0.933835
531,1516158,161025,2017-05-17,1.032,1.442,1.0,0.910171,0.939296
532,1516157,161025,2017-05-16,1.032,1.442,1.0,0.910171,0.939296
533,1516156,161025,2017-05-15,1.012,1.435,1.0,0.910171,0.921093
534,1516155,161025,2017-05-12,1.0,1.43,0.628822,0.910171,0.910171
535,1516154,161025,2017-05-11,0.631,1.432,1.0,1.447422,0.913323
536,1516153,161025,2017-05-10,0.635,1.434,1.0,1.447422,0.919113
537,1516152,161025,2017-05-09,0.642,1.438,1.0,1.447422,0.929245
538,1516151,161025,2017-05-08,0.638,1.436,1.0,1.447422,0.923455
539,1516150,161025,2017-05-05,0.644,1.439,1.0,1.447422,0.93214
540,1516149,161025,2017-05-04,0.65,1.443,1.0,1.447422,0.940824
541,1516148,161025,2017-05-03,0.651,1.444,1.0,1.447422,0.942272
542,1516147,161025,2017-05-02,0.653,1.445,1.0,1.447422,0.945167
543,1516146,161025,2017-04-28,0.655,1.446,1.0,1.447422,0.948061
544,1516145,161025,2017-04-27,0.653,1.445,1.0,1.447422,0.945167
545,1516144,161025,2017-04-26,0.65,1.443,1.0,1.447422,0.940824
546,1516143,161025,2017-04-25,0.649,1.442,1.0,1.447422,0.939377
547,1516142,161025,2017-04-24,0.645,1.44,1.0,1.447422,0.933587
548,1516141,161025,2017-04-21,0.653,1.445,1.0,1.447422,0.945167
549,1516140,161025,2017-04-20,0.656,1.447,1.0,1.447422,0.949509
550,1516139,161025,2017-04-19,0.652,1.444,1.0,1.447422,0.943719
551,1516138,161025,2017-04-18,0.654,1.445,1.0,1.447422,0.946614
552,1516137,161025,2017-04-17,0.659,1.448,1.0,1.447422,0.953851
553,1516136,161025,2017-04-14,0.665,1.452,1.0,1.447422,0.962536
554,1516135,161025,2017-04-13,0.674,1.458,1.0,1.447422,0.975562
555,1516134,161025,2017-04-12,0.673,1.457,1.0,1.447422,0.974115
556,1516133,161025,2017-04-11,0.679,1.461,1.0,1.447422,0.9828
557,1516132,161025,2017-04-10,0.677,1.459,1.0,1.447422,0.979905
558,1516131,161025,2017-04-07,0.686,1.465,1.0,1.447422,0.992931
559,1516130,161025,2017-04-06,0.686,1.465,1.0,1.447422,0.992931
560,1516129,161025,2017-04-05,0.686,1.465,1.0,1.447422,0.992931
561,1516128,161025,2017-03-31,0.675,1.458,1.0,1.447422,0.97701
562,1516127,161025,2017-03-30,0.67,1.455,1.0,1.447422,0.969773
563,1516126,161025,2017-03-29,0.682,1.462,1.0,1.447422,0.987142
564,1516125,161025,2017-03-28,0.686,1.465,1.0,1.447422,0.992931
565,1516124,161025,2017-03-27,0.688,1.466,1.0,1.447422,0.995826
566,1516123,161025,2017-03-24,0.692,1.468,1.0,1.447422,1.001616
567,1516122,161025,2017-03-23,0.687,1.465,1.0,1.447422,0.994379
568,1516121,161025,2017-03-22,0.684,1.464,1.0,1.447422,0.990037
569,1516120,161025,2017-03-21,0.687,1.465,1.0,1.447422,0.994379
570,1516119,161025,2017-03-20,0.685,1.464,1.0,1.447422,0.991484
571,1516118,161025,2017-03-17,0.685,1.464,1.0,1.447422,0.991484
572,1516117,161025,2017-03-16,0.692,1.468,1.0,1.447422,1.001616
573,1516116,161025,2017-03-15,0.687,1.465,1.0,1.447422,0.994379
574,1516115,161025,2017-03-14,0.689,1.467,1.0,1.447422,0.997274
575,1516114,161025,2017-03-13,0.691,1.468,1.0,1.447422,1.000169
576,1516113,161025,2017-03-10,0.684,1.464,1.0,1.447422,0.990037
577,1516112,161025,2017-03-09,0.683,1.463,1.0,1.447422,0.988589
578,1516111,161025,2017-03-08,0.687,1.465,1.0,1.447422,0.994379
579,1516110,161025,2017-03-07,0.692,1.468,1.0,1.447422,1.001616
580,1516109,161025,2017-03-06,0.685,1.464,1.0,1.447422,0.991484
581,1516108,161025,2017-03-03,0.676,1.459,1.0,1.447422,0.978457
582,1516107,161025,2017-03-02,0.672,1.456,1.0,1.447422,0.972668
583,1516106,161025,2017-03-01,0.675,1.458,1.0,1.447422,0.97701
584,1516105,161025,2017-02-28,0.674,1.458,1.0,1.447422,0.975562
585,1516104,161025,2017-02-27,0.675,1.458,1.0,1.447422,0.97701
586,1516103,161025,2017-02-24,0.677,1.459,1.0,1.447422,0.979905
587,1516102,161025,2017-02-23,0.672,1.456,1.0,1.447422,0.972668
588,1516101,161025,2017-02-22,0.673,1.457,1.0,1.447422,0.974115
589,1516100,161025,2017-02-21,0.67,1.455,1.0,1.447422,0.969773
590,1516099,161025,2017-02-20,0.663,1.451,1.0,1.447422,0.959641
591,1516098,161025,2017-02-17,0.657,1.447,1.0,1.447422,0.950956
592,1516097,161025,2017-02-16,0.66,1.449,1.0,1.447422,0.955299
593,1516096,161025,2017-02-15,0.658,1.448,1.0,1.447422,0.952404
594,1516095,161025,2017-02-14,0.666,1.453,1.0,1.447422,0.963983
595,1516094,161025,2017-02-13,0.666,1.453,1.0,1.447422,0.963983
596,1516093,161025,2017-02-10,0.664,1.452,1.0,1.447422,0.961088
597,1516092,161025,2017-02-09,0.668,1.454,1.0,1.447422,0.966878
598,1516091,161025,2017-02-08,0.666,1.453,1.0,1.447422,0.963983
599,1516090,161025,2017-02-07,0.661,1.45,1.0,1.447422,0.956746
600,1516089,161025,2017-02-06,0.664,1.452,1.0,1.447422,0.961088
601,1516088,161025,2017-02-03,0.657,1.447,1.0,1.447422,0.950956
602,1516087,161025,2017-01-26,0.658,1.448,1.0,1.447422,0.952404
603,1516086,161025,2017-01-25,0.655,1.446,1.0,1.447422,0.948061
604,1516085,161025,2017-01-24,0.652,1.444,1.0,1.447422,0.943719
605,1516084,161025,2017-01-23,0.657,1.447,1.0,1.447422,0.950956
606,1516083,161025,2017-01-20,0.654,1.445,1.0,1.447422,0.946614
607,1516082,161025,2017-01-19,0.644,1.439,1.0,1.447422,0.93214
608,1516081,161025,2017-01-18,0.645,1.44,1.0,1.447422,0.933587
609,1516080,161025,2017-01-17,0.65,1.443,1.0,1.447422,0.940824
610,1516079,161025,2017-01-16,0.642,1.438,1.0,1.447422,0.929245
611,1516078,161025,2017-01-13,0.656,1.447,1.0,1.447422,0.949509
612,1516077,161025,2017-01-12,0.664,1.452,1.0,1.447422,0.961088
613,1516076,161025,2017-01-11,0.669,1.455,1.0,1.447422,0.968325
614,1516075,161025,2017-01-10,0.677,1.459,1.0,1.447422,0.979905
615,1516074,161025,2017-01-09,0.678,1.46,1.0,1.447422,0.981352
616,1516073,161025,2017-01-06,0.676,1.459,1.0,1.447422,0.978457
617,1516072,161025,2017-01-05,0.685,1.464,1.0,1.447422,0.991484
618,1516071,161025,2017-01-04,0.685,1.464,1.0,1.447422,0.991484
619,1516070,161025,2017-01-03,0.678,1.46,1.0,1.447422,0.981352
620,1516069,161025,2016-12-31,0.675,1.458,1.0,1.447422,0.97701
621,1516068,161025,2016-12-30,0.675,1.458,1.0,1.447422,0.97701
622,1516067,161025,2016-12-29,0.677,1.459,1.0,1.447422,0.979905
623,1516066,161025,2016-12-28,0.679,1.461,1.0,1.447422,0.9828
624,1516065,161025,2016-12-27,0.682,1.462,1.0,1.447422,0.987142
625,1516064,161025,2016-12-26,0.685,1.464,1.0,1.447422,0.991484
626,1516063,161025,2016-12-23,0.683,1.463,1.0,1.447422,0.988589
627,1516062,161025,2016-12-22,0.686,1.465,1.0,1.447422,0.992931
628,1516061,161025,2016-12-21,0.685,1.464,1.0,1.447422,0.991484
629,1516060,161025,2016-12-20,0.681,1.462,1.0,1.447422,0.985694
630,1516059,161025,2016-12-19,0.682,1.462,1.0,1.447422,0.987142
631,1516058,161025,2016-12-16,0.688,1.466,1.0,1.447422,0.995826
632,1516057,161025,2016-12-15,0.681,1.462,1.033031,1.447422,0.985694
633,1516056,161025,2016-12-14,0.699,1.459,1.0,1.401141,0.979398
634,1516055,161025,2016-12-13,0.706,1.463,1.0,1.401141,0.989206
635,1516054,161025,2016-12-12,0.705,1.462,1.0,1.401141,0.987804
636,1516053,161025,2016-12-09,0.739,1.483,1.0,1.401141,1.035443
637,1516052,161025,2016-12-08,0.745,1.486,1.0,1.401141,1.04385
638,1516051,161025,2016-12-07,0.748,1.488,1.0,1.401141,1.048053
639,1516050,161025,2016-12-06,0.744,1.486,1.0,1.401141,1.042449
640,1516049,161025,2016-12-05,0.747,1.488,1.0,1.401141,1.046652
641,1516048,161025,2016-12-02,0.749,1.489,1.0,1.401141,1.049455
642,1516047,161025,2016-12-01,0.757,1.494,1.0,1.401141,1.060664
643,1516046,161025,2016-11-30,0.757,1.494,1.0,1.401141,1.060664
644,1516045,161025,2016-11-29,0.753,1.491,1.0,1.401141,1.055059
645,1516044,161025,2016-11-28,0.757,1.494,1.0,1.401141,1.060664
646,1516043,161025,2016-11-25,0.756,1.493,1.0,1.401141,1.059263
647,1516042,161025,2016-11-24,0.751,1.49,1.0,1.401141,1.052257
648,1516041,161025,2016-11-23,0.757,1.494,1.0,1.401141,1.060664
649,1516040,161025,2016-11-22,0.76,1.495,1.0,1.401141,1.064867
650,1516039,161025,2016-11-21,0.754,1.492,1.0,1.401141,1.05646
651,1516038,161025,2016-11-18,0.754,1.492,1.0,1.401141,1.05646
652,1516037,161025,2016-11-17,0.757,1.494,1.0,1.401141,1.060664
653,1516036,161025,2016-11-16,0.763,1.497,1.0,1.401141,1.069071
654,1516035,161025,2016-11-15,0.761,1.496,1.0,1.401141,1.066268
655,1516034,161025,2016-11-14,0.757,1.494,1.0,1.401141,1.060664
656,1516033,161025,2016-11-11,0.752,1.491,1.0,1.401141,1.053658
657,1516032,161025,2016-11-10,0.754,1.492,1.0,1.401141,1.05646
658,1516031,161025,2016-11-09,0.747,1.488,1.0,1.401141,1.046652
659,1516030,161025,2016-11-08,0.756,1.493,1.0,1.401141,1.059263
660,1516029,161025,2016-11-07,0.749,1.489,1.0,1.401141,1.049455
661,1516028,161025,2016-11-04,0.753,1.491,1.0,1.401141,1.055059
662,1516027,161025,2016-11-03,0.757,1.494,1.0,1.401141,1.060664
663,1516026,161025,2016-11-02,0.755,1.492,1.0,1.401141,1.057861
664,1516025,161025,2016-11-01,0.761,1.496,1.0,1.401141,1.066268
665,1516024,161025,2016-10-31,0.756,1.493,1.0,1.401141,1.059263
666,1516023,161025,2016-10-28,0.756,1.493,1.0,1.401141,1.059263
667,1516022,161025,2016-10-27,0.761,1.496,1.0,1.401141,1.066268
668,1516021,161025,2016-10-26,0.762,1.497,1.0,1.401141,1.067669
669,1516020,161025,2016-10-25,0.766,1.499,1.0,1.401141,1.073274
670,1516019,161025,2016-10-24,0.766,1.499,1.0,1.401141,1.073274
671,1516018,161025,2016-10-21,0.761,1.496,1.0,1.401141,1.066268
672,1516017,161025,2016-10-20,0.764,1.498,1.0,1.401141,1.070472
673,1516016,161025,2016-10-19,0.759,1.495,1.0,1.401141,1.063466
674,1516015,161025,2016-10-18,0.761,1.496,1.0,1.401141,1.066268
675,1516014,161025,2016-10-17,0.752,1.491,1.0,1.401141,1.053658
676,1516013,161025,2016-10-14,0.759,1.495,1.0,1.401141,1.063466
677,1516012,161025,2016-10-13,0.764,1.498,1.0,1.401141,1.070472
678,1516011,161025,2016-10-12,0.764,1.498,1.0,1.401141,1.070472
679,1516010,161025,2016-10-11,0.765,1.498,1.0,1.401141,1.071873
680,1516009,161025,2016-10-10,0.762,1.497,1.0,1.401141,1.067669
681,1516008,161025,2016-09-30,0.745,1.486,1.0,1.401141,1.04385
682,1516007,161025,2016-09-29,0.743,1.485,1.0,1.401141,1.041048
683,1516006,161025,2016-09-28,0.74,1.483,1.0,1.401141,1.036844
684,1516005,161025,2016-09-27,0.742,1.485,1.0,1.401141,1.039647
685,1516004,161025,2016-09-26,0.736,1.481,1.0,1.401141,1.03124
686,1516003,161025,2016-09-23,0.751,1.49,1.0,1.401141,1.052257
687,1516002,161025,2016-09-22,0.756,1.493,1.0,1.401141,1.059263
688,1516001,161025,2016-09-21,0.754,1.492,1.0,1.401141,1.05646
689,1516000,161025,2016-09-20,0.751,1.49,1.0,1.401141,1.052257
690,1515999,161025,2016-09-19,0.754,1.492,1.0,1.401141,1.05646
691,1515998,161025,2016-09-14,0.747,1.488,1.0,1.401141,1.046652
692,1515997,161025,2016-09-13,0.749,1.489,1.0,1.401141,1.049455
693,1515996,161025,2016-09-12,0.746,1.487,1.0,1.401141,1.045251
694,1515995,161025,2016-09-09,0.763,1.497,1.0,1.401141,1.069071
695,1515994,161025,2016-09-08,0.77,1.501,1.0,1.401141,1.078879
696,1515993,161025,2016-09-07,0.771,1.502,1.0,1.401141,1.08028
697,1515992,161025,2016-09-06,0.775,1.504,1.0,1.401141,1.085884
698,1515991,161025,2016-09-05,0.762,1.497,1.0,1.401141,1.067669
699,1515990,161025,2016-09-02,0.759,1.495,1.0,1.401141,1.063466
700,1515989,161025,2016-09-01,0.762,1.497,1.0,1.401141,1.067669
701,1515988,161025,2016-08-31,0.765,1.498,1.0,1.401141,1.071873
702,1515987,161025,2016-08-30,0.766,1.499,1.0,1.401141,1.073274
703,1515986,161025,2016-08-29,0.765,1.498,1.0,1.401141,1.071873
704,1515985,161025,2016-08-26,0.765,1.498,1.0,1.401141,1.071873
705,1515984,161025,2016-08-25,0.763,1.497,1.0,1.401141,1.069071
706,1515983,161025,2016-08-24,0.768,1.5,1.0,1.401141,1.076076
707,1515982,161025,2016-08-23,0.764,1.498,1.0,1.401141,1.070472
708,1515981,161025,2016-08-22,0.763,1.497,1.0,1.401141,1.069071
709,1515980,161025,2016-08-19,0.773,1.503,1.0,1.401141,1.083082
710,1515979,161025,2016-08-18,0.774,1.504,1.0,1.401141,1.084483
711,1515978,161025,2016-08-17,0.773,1.503,1.0,1.401141,1.083082
712,1515977,161025,2016-08-16,0.771,1.502,1.0,1.401141,1.08028
713,1515976,161025,2016-08-15,0.769,1.501,1.0,1.401141,1.077477
714,1515975,161025,2016-08-12,0.748,1.488,1.0,1.401141,1.048053
715,1515974,161025,2016-08-11,0.742,1.485,1.0,1.401141,1.039647
716,1515973,161025,2016-08-10,0.753,1.491,1.0,1.401141,1.055059
717,1515972,161025,2016-08-09,0.758,1.494,1.0,1.401141,1.062065
718,1515971,161025,2016-08-08,0.75,1.489,1.0,1.401141,1.050856
719,1515970,161025,2016-08-05,0.74,1.483,1.0,1.401141,1.036844
720,1515969,161025,2016-08-04,0.744,1.486,1.0,1.401141,1.042449
721,1515968,161025,2016-08-03,0.739,1.483,1.0,1.401141,1.035443
722,1515967,161025,2016-08-02,0.737,1.482,1.0,1.401141,1.032641
723,1515966,161025,2016-08-01,0.734,1.48,1.0,1.401141,1.028437
724,1515965,161025,2016-07-29,0.742,1.485,1.0,1.401141,1.039647
725,1515964,161025,2016-07-28,0.749,1.489,1.0,1.401141,1.049455
726,1515963,161025,2016-07-27,0.757,1.494,1.0,1.401141,1.060664
727,1515962,161025,2016-07-26,0.794,1.516,1.0,1.401141,1.112506
728,1515961,161025,2016-07-25,0.787,1.512,1.0,1.401141,1.102698
729,1515960,161025,2016-07-22,0.785,1.511,1.0,1.401141,1.099896
730,1515959,161025,2016-07-21,0.786,1.511,1.0,1.401141,1.101297
731,1515958,161025,2016-07-20,0.783,1.509,1.0,1.401141,1.097093
732,1515957,161025,2016-07-19,0.783,1.509,1.0,1.401141,1.097093
733,1515956,161025,2016-07-18,0.777,1.506,1.0,1.401141,1.088687
734,1515955,161025,2016-07-15,0.78,1.508,1.0,1.401141,1.09289
735,1515954,161025,2016-07-14,0.784,1.51,1.0,1.401141,1.098495
736,1515953,161025,2016-07-13,0.782,1.509,1.0,1.401141,1.095692
737,1515952,161025,2016-07-12,0.77,1.501,1.0,1.401141,1.078879
738,1515951,161025,2016-07-11,0.76,1.495,1.0,1.401141,1.064867
739,1515950,161025,2016-07-08,0.763,1.497,1.0,1.401141,1.069071
740,1515949,161025,2016-07-07,0.763,1.497,1.0,1.401141,1.069071
741,1515948,161025,2016-07-06,0.767,1.5,1.0,1.401141,1.074675
742,1515947,161025,2016-07-05,0.77,1.501,1.0,1.401141,1.078879
743,1515946,161025,2016-07-04,0.769,1.501,1.0,1.401141,1.077477
744,1515945,161025,2016-07-01,0.76,1.495,1.0,1.401141,1.064867
745,1515944,161025,2016-06-30,0.765,1.498,1.0,1.401141,1.071873
746,1515943,161025,2016-06-29,0.761,1.496,1.0,1.401141,1.066268
747,1515942,161025,2016-06-28,0.763,1.497,1.0,1.401141,1.069071
748,1515941,161025,2016-06-27,0.754,1.492,1.0,1.401141,1.05646
749,1515940,161025,2016-06-24,0.735,1.48,1.0,1.401141,1.029839
750,1515939,161025,2016-06-23,0.742,1.485,1.0,1.401141,1.039647
751,1515938,161025,2016-06-22,0.743,1.485,1.0,1.401141,1.041048
752,1515937,161025,2016-06-21,0.73,1.477,1.0,1.401141,1.022833
753,1515936,161025,2016-06-20,0.74,1.483,1.0,1.401141,1.036844
754,1515935,161025,2016-06-17,0.736,1.481,1.0,1.401141,1.03124
755,1515934,161025,2016-06-16,0.731,1.478,1.0,1.401141,1.024234
756,1515933,161025,2016-06-15,0.739,1.483,1.0,1.401141,1.035443
757,1515932,161025,2016-06-14,0.718,1.47,1.0,1.401141,1.006019
758,1515931,161025,2016-06-13,0.72,1.471,1.0,1.401141,1.008822
759,1515930,161025,2016-06-08,0.764,1.498,1.0,1.401141,1.070472
760,1515929,161025,2016-06-07,0.766,1.499,1.0,1.401141,1.073274
761,1515928,161025,2016-06-06,0.77,1.501,1.0,1.401141,1.078879
762,1515927,161025,2016-06-03,0.766,1.499,1.0,1.401141,1.073274
763,1515926,161025,2016-06-02,0.754,1.492,1.0,1.401141,1.05646
764,1515925,161025,2016-06-01,0.748,1.488,1.0,1.401141,1.048053
765,1515924,161025,2016-05-31,0.745,1.486,1.0,1.401141,1.04385
766,1515923,161025,2016-05-30,0.71,1.465,1.0,1.401141,0.99481
767,1515922,161025,2016-05-27,0.713,1.467,1.0,1.401141,0.999014
768,1515921,161025,2016-05-26,0.719,1.471,1.0,1.401141,1.00742
769,1515920,161025,2016-05-25,0.712,1.467,1.0,1.401141,0.997612
770,1515919,161025,2016-05-24,0.713,1.467,1.0,1.401141,0.999014
771,1515918,161025,2016-05-23,0.723,1.473,1.0,1.401141,1.013025
772,1515917,161025,2016-05-20,0.712,1.467,1.0,1.401141,0.997612
773,1515916,161025,2016-05-19,0.701,1.46,1.0,1.401141,0.9822
774,1515915,161025,2016-05-18,0.694,1.456,1.0,1.401141,0.972392
775,1515914,161025,2016-05-17,0.713,1.467,1.0,1.401141,0.999014
776,1515913,161025,2016-05-16,0.707,1.464,1.0,1.401141,0.990607
777,1515912,161025,2016-05-13,0.695,1.456,1.0,1.401141,0.973793
778,1515911,161025,2016-05-12,0.7,1.459,1.0,1.401141,0.980799
779,1515910,161025,2016-05-11,0.701,1.46,1.0,1.401141,0.9822
780,1515909,161025,2016-05-10,0.71,1.465,1.0,1.401141,0.99481
781,1515908,161025,2016-05-09,0.71,1.465,1.0,1.401141,0.99481
782,1515907,161025,2016-05-06,0.737,1.482,1.0,1.401141,1.032641
783,1515906,161025,2016-05-05,0.768,1.5,1.0,1.401141,1.076076
784,1515905,161025,2016-05-04,0.764,1.498,1.0,1.401141,1.070472
785,1515904,161025,2016-05-03,0.764,1.498,1.0,1.401141,1.070472
786,1515903,161025,2016-04-29,0.74,1.483,1.0,1.401141,1.036844
787,1515902,161025,2016-04-28,0.742,1.485,1.0,1.401141,1.039647
788,1515901,161025,2016-04-27,0.742,1.485,1.0,1.401141,1.039647
789,1515900,161025,2016-04-26,0.747,1.488,1.0,1.401141,1.046652
790,1515899,161025,2016-04-25,0.737,1.482,1.0,1.401141,1.032641
791,1515898,161025,2016-04-22,0.743,1.485,1.0,1.401141,1.041048
792,1515897,161025,2016-04-21,0.736,1.481,1.0,1.401141,1.03124
793,1515896,161025,2016-04-20,0.753,1.491,1.0,1.401141,1.055059
794,1515895,161025,2016-04-19,0.79,1.514,1.0,1.401141,1.106901
795,1515894,161025,2016-04-18,0.787,1.512,1.0,1.401141,1.102698
796,1515893,161025,2016-04-15,0.8,1.52,1.0,1.401141,1.120913
797,1515892,161025,2016-04-14,0.803,1.521,1.0,1.401141,1.125116
798,1515891,161025,2016-04-13,0.793,1.515,1.0,1.401141,1.111105
799,1515890,161025,2016-04-12,0.784,1.51,1.0,1.401141,1.098495
800,1515889,161025,2016-04-11,0.791,1.514,1.0,1.401141,1.108303
801,1515888,161025,2016-04-08,0.777,1.506,1.0,1.401141,1.088687
802,1515887,161025,2016-04-07,0.783,1.509,1.0,1.401141,1.097093
803,1515886,161025,2016-04-06,0.795,1.517,1.0,1.401141,1.113907
804,1515885,161025,2016-04-05,0.793,1.515,1.0,1.401141,1.111105
805,1515884,161025,2016-04-01,0.772,1.503,1.0,1.401141,1.081681
806,1515883,161025,2016-03-31,0.779,1.507,1.0,1.401141,1.091489
807,1515882,161025,2016-03-30,0.78,1.508,1.0,1.401141,1.09289
808,1515881,161025,2016-03-29,0.752,1.491,1.0,1.401141,1.053658
809,1515880,161025,2016-03-28,0.766,1.499,1.0,1.401141,1.073274
810,1515879,161025,2016-03-25,0.772,1.503,1.0,1.401141,1.081681
811,1515878,161025,2016-03-24,0.772,1.503,1.0,1.401141,1.081681
812,1515877,161025,2016-03-23,0.784,1.51,1.0,1.401141,1.098495
813,1515876,161025,2016-03-22,0.771,1.502,1.0,1.401141,1.08028
814,1515875,161025,2016-03-21,0.771,1.502,1.0,1.401141,1.08028
815,1515874,161025,2016-03-18,0.751,1.49,1.0,1.401141,1.052257
816,1515873,161025,2016-03-17,0.719,1.471,1.0,1.401141,1.00742
817,1515872,161025,2016-03-16,0.685,1.45,1.0,1.401141,0.959782
818,1515871,161025,2016-03-15,0.692,1.455,1.0,1.401141,0.96959
819,1515870,161025,2016-03-14,0.7,1.459,1.0,1.401141,0.980799
820,1515869,161025,2016-03-11,0.669,1.441,1.0,1.401141,0.937363
821,1515868,161025,2016-03-10,0.669,1.441,1.0,1.401141,0.937363
822,1515867,161025,2016-03-09,0.681,1.448,1.0,1.401141,0.954177
823,1515866,161025,2016-03-08,0.693,1.455,1.0,1.401141,0.970991
824,1515865,161025,2016-03-07,0.687,1.452,1.0,1.401141,0.962584
825,1515864,161025,2016-03-04,0.673,1.443,1.0,1.401141,0.942968
826,1515863,161025,2016-03-03,0.699,1.459,1.0,1.401141,0.979398
827,1515862,161025,2016-03-02,0.699,1.459,1.0,1.401141,0.979398
828,1515861,161025,2016-03-01,0.671,1.442,1.0,1.401141,0.940166
829,1515860,161025,2016-02-29,0.656,1.433,1.0,1.401141,0.919148
830,1515859,161025,2016-02-26,0.698,1.458,1.0,1.401141,0.977996
831,1515858,161025,2016-02-25,0.705,1.462,1.0,1.401141,0.987804
832,1515857,161025,2016-02-24,0.766,1.499,1.0,1.401141,1.073274
833,1515856,161025,2016-02-23,0.768,1.5,1.0,1.401141,1.076076
834,1515855,161025,2016-02-22,0.777,1.506,1.0,1.401141,1.088687
835,1515854,161025,2016-02-19,0.77,1.501,1.0,1.401141,1.078879
836,1515853,161025,2016-02-18,0.762,1.497,1.0,1.401141,1.067669
837,1515852,161025,2016-02-17,0.765,1.498,1.0,1.401141,1.071873
838,1515851,161025,2016-02-16,0.756,1.493,1.0,1.401141,1.059263
839,1515850,161025,2016-02-15,0.722,1.473,1.0,1.401141,1.011624
840,1515849,161025,2016-02-05,0.719,1.471,1.0,1.401141,1.00742
841,1515848,161025,2016-02-04,0.729,1.477,1.0,1.401141,1.021432
842,1515847,161025,2016-02-03,0.714,1.468,1.0,1.401141,1.000415
843,1515846,161025,2016-02-02,0.712,1.467,1.0,1.401141,0.997612
844,1515845,161025,2016-02-01,0.684,1.45,1.0,1.401141,0.95838
845,1515844,161025,2016-01-29,0.692,1.455,1.0,1.401141,0.96959
846,1515843,161025,2016-01-28,0.666,1.439,1.0,1.401141,0.93316
847,1515842,161025,2016-01-27,0.699,1.459,1.0,1.401141,0.979398
848,1515841,161025,2016-01-26,0.703,1.461,1.0,1.401141,0.985002
849,1515840,161025,2016-01-25,0.757,1.494,1.0,1.401141,1.060664
850,1515839,161025,2016-01-22,0.753,1.491,1.0,1.401141,1.055059
851,1515838,161025,2016-01-21,0.742,1.485,1.0,1.401141,1.039647
852,1515837,161025,2016-01-20,0.77,1.501,1.0,1.401141,1.078879
853,1515836,161025,2016-01-19,0.784,1.51,1.0,1.401141,1.098495
854,1515835,161025,2016-01-18,0.757,1.494,1.0,1.401141,1.060664
855,1515834,161025,2016-01-15,0.737,1.482,1.0,1.401141,1.032641
856,1515833,161025,2016-01-14,0.763,1.497,1.0,1.401141,1.069071
857,1515832,161025,2016-01-13,0.729,1.477,1.0,1.401141,1.021432
858,1515831,161025,2016-01-12,0.759,1.495,1.0,1.401141,1.063466
859,1515830,161025,2016-01-11,0.749,1.489,1.0,1.401141,1.049455
860,1515829,161025,2016-01-08,0.803,1.521,1.0,1.401141,1.125116
861,1515828,161025,2016-01-07,0.803,1.521,1.0,1.401141,1.125116
862,1515827,161025,2016-01-06,0.88,1.568,1.0,1.401141,1.233004
863,1515826,161025,2016-01-05,0.862,1.557,1.0,1.401141,1.207784
864,1515825,161025,2016-01-04,0.89,1.574,1.0,1.401141,1.247015
865,1515824,161025,2015-12-31,0.972,1.623,1.0,1.401141,1.361909
866,1515823,161025,2015-12-30,0.995,1.637,1.0,1.401141,1.394135
867,1515822,161025,2015-12-29,0.985,1.631,1.0,1.401141,1.380124
868,1515821,161025,2015-12-28,0.98,1.628,1.0,1.401141,1.373118
869,1515820,161025,2015-12-25,0.998,1.643,1.0,1.401141,1.398339
870,1515819,161025,2015-12-24,0.995,1.64,1.0,1.401141,1.394135
871,1515818,161025,2015-12-23,0.993,1.638,1.0,1.401141,1.391333
872,1515817,161025,2015-12-22,1.015,1.66,1.0,1.401141,1.422158
873,1515816,161025,2015-12-21,1.007,1.652,1.0,1.401141,1.410949
874,1515815,161025,2015-12-18,1.002,1.647,1.0,1.401141,1.403943
875,1515814,161025,2015-12-17,1.008,1.653,1.0,1.401141,1.41235
876,1515813,161025,2015-12-16,0.985,1.63,1.0,1.401141,1.380124
877,1515812,161025,2015-12-15,0.982,1.627,1.012631,1.401141,1.37592
878,1515811,161025,2015-12-14,0.98,1.612,1.0,1.383664,1.355991
879,1515810,161025,2015-12-11,0.964,1.596,1.0,1.383664,1.333852
880,1515809,161025,2015-12-10,0.972,1.604,1.0,1.383664,1.344921
881,1515808,161025,2015-12-09,0.964,1.596,1.0,1.383664,1.333852
882,1515807,161025,2015-12-08,0.969,1.601,1.0,1.383664,1.34077
883,1515806,161025,2015-12-07,0.986,1.618,1.0,1.383664,1.364293
884,1515805,161025,2015-12-04,0.971,1.603,1.0,1.383664,1.343538
885,1515804,161025,2015-12-03,0.978,1.61,1.0,1.383664,1.353223
886,1515803,161025,2015-12-02,0.948,1.58,1.0,1.383664,1.311713
887,1515802,161025,2015-12-01,0.956,1.588,1.0,1.383664,1.322783
888,1515801,161025,2015-11-30,0.958,1.59,1.0,1.383664,1.32555
889,1515800,161025,2015-11-27,0.954,1.586,1.0,1.383664,1.320015
890,1515799,161025,2015-11-26,1.025,1.657,1.0,1.383664,1.418256
891,1515798,161025,2015-11-25,1.046,1.678,1.0,1.383664,1.447313
892,1515797,161025,2015-11-24,1.017,1.649,1.0,1.383664,1.407186
893,1515796,161025,2015-11-23,1.005,1.637,1.0,1.383664,1.390582
894,1515795,161025,2015-11-20,1.018,1.65,1.0,1.383664,1.40857
895,1515794,161025,2015-11-19,1.008,1.64,1.0,1.383664,1.394733
896,1515793,161025,2015-11-18,0.97,1.602,1.0,1.383664,1.342154
897,1515792,161025,2015-11-17,0.984,1.616,1.0,1.383664,1.361525
898,1515791,161025,2015-11-16,1.001,1.633,1.0,1.383664,1.385048
899,1515790,161025,2015-11-13,0.972,1.604,1.0,1.383664,1.344921
900,1515789,161025,2015-11-12,1.0,1.632,1.0,1.383664,1.383664
901,1515788,161025,2015-11-11,1.01,1.642,1.0,1.383664,1.397501
902,1515787,161025,2015-11-10,0.996,1.628,1.0,1.383664,1.378129
903,1515786,161025,2015-11-09,0.992,1.624,1.0,1.383664,1.372595
904,1515785,161025,2015-11-06,0.97,1.602,1.0,1.383664,1.342154
905,1515784,161025,2015-11-05,0.934,1.566,1.0,1.383664,1.292342
906,1515783,161025,2015-11-04,0.936,1.568,1.0,1.383664,1.29511
907,1515782,161025,2015-11-03,0.88,1.512,1.0,1.383664,1.217624
908,1515781,161025,2015-11-02,0.884,1.516,1.0,1.383664,1.223159
909,1515780,161025,2015-10-30,0.907,1.539,1.0,1.383664,1.254983
910,1515779,161025,2015-10-29,0.904,1.536,1.0,1.383664,1.250832
911,1515778,161025,2015-10-28,0.904,1.536,1.0,1.383664,1.250832
912,1515777,161025,2015-10-27,0.931,1.563,1.0,1.383664,1.288191
913,1515776,161025,2015-10-26,0.916,1.548,1.0,1.383664,1.267436
914,1515775,161025,2015-10-23,0.914,1.546,1.0,1.383664,1.264669
915,1515774,161025,2015-10-22,0.895,1.527,1.0,1.383664,1.238379
916,1515773,161025,2015-10-21,0.856,1.488,1.0,1.383664,1.184416
917,1515772,161025,2015-10-20,0.91,1.542,1.0,1.383664,1.259134
918,1515771,161025,2015-10-19,0.879,1.511,1.0,1.383664,1.216241
919,1515770,161025,2015-10-16,0.88,1.512,1.0,1.383664,1.217624
920,1515769,161025,2015-10-15,0.86,1.492,1.0,1.383664,1.189951
921,1515768,161025,2015-10-14,0.829,1.461,1.0,1.383664,1.147057
922,1515767,161025,2015-10-13,0.838,1.47,1.0,1.383664,1.15951
923,1515766,161025,2015-10-12,0.826,1.458,1.0,1.383664,1.142906
924,1515765,161025,2015-10-09,0.789,1.421,1.0,1.383664,1.091711
925,1515764,161025,2015-10-08,0.778,1.41,1.0,1.383664,1.076491
926,1515763,161025,2015-09-30,0.745,1.377,1.0,1.383664,1.03083
927,1515762,161025,2015-09-29,0.745,1.377,1.0,1.383664,1.03083
928,1515761,161025,2015-09-28,0.757,1.389,1.0,1.383664,1.047434
929,1515760,161025,2015-09-25,0.73,1.362,1.0,1.383664,1.010075
930,1515759,161025,2015-09-24,0.766,1.398,1.0,1.383664,1.059887
931,1515758,161025,2015-09-23,0.754,1.386,1.0,1.383664,1.043283
932,1515757,161025,2015-09-22,0.76,1.392,1.0,1.383664,1.051585
933,1515756,161025,2015-09-21,0.757,1.389,1.0,1.383664,1.047434
934,1515755,161025,2015-09-18,0.724,1.356,1.0,1.383664,1.001773
935,1515754,161025,2015-09-17,0.711,1.343,1.0,1.383664,0.983785
936,1515753,161025,2015-09-16,0.718,1.35,1.0,1.383664,0.993471
937,1515752,161025,2015-09-15,0.675,1.307,1.0,1.383664,0.933973
938,1515751,161025,2015-09-14,0.726,1.358,1.0,1.383664,1.00454
939,1515750,161025,2015-09-11,0.79,1.422,1.0,1.383664,1.093095
940,1515749,161025,2015-09-10,0.783,1.415,1.0,1.383664,1.083409
941,1515748,161025,2015-09-09,0.799,1.431,1.0,1.383664,1.105548
942,1515747,161025,2015-09-08,0.774,1.406,1.0,1.383664,1.070956
943,1515746,161025,2015-09-07,0.742,1.374,1.0,1.383664,1.026679
944,1515745,161025,2015-09-02,0.743,1.375,1.0,1.383664,1.028062
945,1515744,161025,2015-09-01,0.752,1.384,1.0,1.383664,1.040515
946,1515743,161025,2015-08-31,0.789,1.421,1.0,1.383664,1.091711
947,1515742,161025,2015-08-28,0.817,1.449,1.0,1.383664,1.130453
948,1515741,161025,2015-08-27,0.772,1.404,1.0,1.383664,1.068189
949,1515740,161025,2015-08-26,0.749,1.381,1.0,1.383664,1.036364
950,1515739,161025,2015-08-25,0.792,1.424,1.0,1.383664,1.095862
951,1515738,161025,2015-08-24,0.862,1.494,1.0,1.383664,1.192718
952,1515737,161025,2015-08-21,0.94,1.572,1.0,1.383664,1.300644
953,1515736,161025,2015-08-20,1.002,1.634,1.0,1.383664,1.386431
954,1515735,161025,2015-08-19,1.03,1.662,1.0,1.383664,1.425174
955,1515734,161025,2015-08-18,1.003,1.635,1.0,1.383664,1.387815
956,1515733,161025,2015-08-17,1.077,1.709,1.0,1.383664,1.490206
957,1515732,161025,2015-08-14,1.076,1.708,1.0,1.383664,1.488822
958,1515731,161025,2015-08-13,1.076,1.708,1.0,1.383664,1.488822
959,1515730,161025,2015-08-12,1.044,1.676,1.0,1.383664,1.444545
960,1515729,161025,2015-08-11,1.057,1.689,1.0,1.383664,1.462533
961,1515728,161025,2015-08-10,1.048,1.68,1.0,1.383664,1.45008
962,1515727,161025,2015-08-07,1.0,1.632,1.0,1.383664,1.383664
963,1515726,161025,2015-08-06,0.965,1.597,1.0,1.383664,1.335236
964,1515725,161025,2015-08-05,0.977,1.609,1.0,1.383664,1.35184
965,1515724,161025,2015-08-04,1.002,1.634,1.0,1.383664,1.386431
966,1515723,161025,2015-08-03,0.953,1.585,1.0,1.383664,1.318632
967,1515722,161025,2015-07-31,0.997,1.629,1.0,1.383664,1.379513
968,1515721,161025,2015-07-30,1.006,1.638,1.0,1.383664,1.391966
969,1515720,161025,2015-07-29,1.048,1.68,1.0,1.383664,1.45008
970,1515719,161025,2015-07-28,1.003,1.635,1.0,1.383664,1.387815
971,1515718,161025,2015-07-27,1.036,1.668,1.0,1.383664,1.433476
972,1515717,161025,2015-07-24,1.109,1.741,1.0,1.383664,1.534483
973,1515716,161025,2015-07-23,1.127,1.759,1.0,1.383664,1.559389
974,1515715,161025,2015-07-22,1.1,1.732,1.0,1.383664,1.52203
975,1515714,161025,2015-07-21,1.091,1.723,1.0,1.383664,1.509577
976,1515713,161025,2015-07-20,1.085,1.717,1.0,1.383664,1.501275
977,1515712,161025,2015-07-17,1.06,1.692,1.0,1.383664,1.466684
978,1515711,161025,2015-07-16,0.998,1.63,1.0,1.383664,1.380897
979,1515710,161025,2015-07-15,0.994,1.626,1.0,1.383664,1.375362
980,1515709,161025,2015-07-14,1.055,1.687,1.0,1.383664,1.459766
981,1515708,161025,2015-07-13,1.036,1.668,1.0,1.383664,1.433476
982,1515707,161025,2015-07-10,1.009,1.641,1.0,1.383664,1.396117
983,1515706,161025,2015-07-09,0.999,1.631,1.0,1.383664,1.38228
984,1515705,161025,2015-07-08,1.0,1.632,0.602152,1.383664,1.383664
985,1515704,161025,2015-07-07,0.618,1.648,1.0,2.297865,1.420081
986,1515703,161025,2015-07-06,0.655,1.685,1.0,2.297865,1.505102
987,1515702,161025,2015-07-03,0.68,1.71,1.0,2.297865,1.562548
988,1515701,161025,2015-07-02,0.704,1.734,1.0,2.297865,1.617697
989,1515700,161025,2015-07-01,0.738,1.768,1.0,2.297865,1.695824
990,1515699,161025,2015-06-30,0.772,1.802,1.0,2.297865,1.773952
991,1515698,161025,2015-06-29,0.727,1.757,1.0,2.297865,1.670548
992,1515697,161025,2015-06-26,0.784,1.814,1.0,2.297865,1.801526
993,1515696,161025,2015-06-25,0.852,1.882,1.0,2.297865,1.957781
994,1515695,161025,2015-06-24,0.905,1.935,1.0,2.297865,2.079568
995,1515694,161025,2015-06-23,0.903,1.933,1.0,2.297865,2.074972
996,1515693,161025,2015-06-19,0.894,1.924,1.0,2.297865,2.054291
997,1515692,161025,2015-06-18,0.944,1.974,1.0,2.297865,2.169185
998,1515691,161025,2015-06-17,0.997,2.027,1.0,2.297865,2.290971
999,1515690,161025,2015-06-16,0.966,1.996,1.0,2.297865,2.219738
1000,1515689,161025,2015-06-15,1.007,2.037,1.0,2.297865,2.31395
1001,1515688,161025,2015-06-12,1.05,2.08,1.0,2.297865,2.412758
1002,1515687,161025,2015-06-11,1.049,2.079,1.0,2.297865,2.41046
1003,1515686,161025,2015-06-10,1.038,2.068,1.0,2.297865,2.385184
1004,1515685,161025,2015-06-09,1.01,2.04,1.0,2.297865,2.320844
1005,1515684,161025,2015-06-08,1.009,2.039,1.0,2.297865,2.318546
1006,1515683,161025,2015-06-05,1.037,2.067,1.0,2.297865,2.382886
1007,1515682,161025,2015-06-04,1.049,2.079,1.0,2.297865,2.41046
1008,1515681,161025,2015-06-03,1.054,2.084,1.0,2.297865,2.42195
1009,1515680,161025,2015-06-02,1.039,2.069,1.0,2.297865,2.387482
1010,1515679,161025,2015-06-01,1.002,2.032,1.0,2.297865,2.302461
1011,1515678,161025,2015-05-29,0.962,1.992,1.0,2.297865,2.210546
1012,1515677,161025,2015-05-28,0.948,1.978,1.0,2.297865,2.178376
1013,1515676,161025,2015-05-27,1.0,2.03,1.498,2.297865,2.297865
1014,1515675,161025,2015-05-26,1.51,2.042,1.0,1.533955,2.316272
1015,1515674,161025,2015-05-25,1.453,1.985,1.0,1.533955,2.228837
1016,1515673,161025,2015-05-22,1.452,1.984,1.0,1.533955,2.227303
1017,1515672,161025,2015-05-21,1.451,1.983,1.0,1.533955,2.225769
1018,1515671,161025,2015-05-20,1.409,1.941,1.0,1.533955,2.161343
1019,1515670,161025,2015-05-19,1.379,1.911,1.0,1.533955,2.115324
1020,1515669,161025,2015-05-18,1.36,1.892,1.0,1.533955,2.086179
1021,1515668,161025,2015-05-15,1.321,1.853,1.0,1.533955,2.026355
1022,1515667,161025,2015-05-14,1.321,1.853,1.0,1.533955,2.026355
1023,1515666,161025,2015-05-13,1.333,1.865,1.0,1.533955,2.044762
1024,1515665,161025,2015-05-12,1.324,1.856,1.0,1.533955,2.030956
1025,1515664,161025,2015-05-11,1.283,1.815,1.0,1.533955,1.968064
1026,1515663,161025,2015-05-08,1.211,1.743,1.0,1.533955,1.85762
1027,1515662,161025,2015-05-07,1.144,1.676,1.0,1.533955,1.754845
1028,1515661,161025,2015-05-06,1.155,1.687,1.0,1.533955,1.771718
1029,1515660,161025,2015-05-05,1.145,1.677,1.0,1.533955,1.756378
1030,1515659,161025,2015-05-04,1.183,1.715,1.0,1.533955,1.814669
1031,1515658,161025,2015-04-30,1.188,1.72,1.0,1.533955,1.822339
1032,1515657,161025,2015-04-29,1.169,1.701,1.0,1.533955,1.793193
1033,1515656,161025,2015-04-28,1.136,1.668,1.0,1.533955,1.742573
1034,1515655,161025,2015-04-27,1.174,1.706,1.0,1.533955,1.800863
1035,1515654,161025,2015-04-24,1.167,1.699,1.0,1.533955,1.790125
1036,1515653,161025,2015-04-23,1.174,1.706,1.0,1.533955,1.800863
1037,1515652,161025,2015-04-22,1.164,1.696,1.0,1.533955,1.785524
1038,1515651,161025,2015-04-21,1.137,1.669,1.0,1.533955,1.744107
1039,1515650,161025,2015-04-20,1.091,1.623,1.0,1.533955,1.673545
1040,1515649,161025,2015-04-17,1.119,1.651,1.0,1.533955,1.716496
1041,1515648,161025,2015-04-16,1.117,1.649,1.0,1.533955,1.713428
1042,1515647,161025,2015-04-15,1.105,1.637,1.0,1.533955,1.69502
1043,1515646,161025,2015-04-14,1.155,1.687,1.0,1.533955,1.771718
1044,1515645,161025,2015-04-13,1.163,1.695,1.0,1.533955,1.78399
1045,1515644,161025,2015-04-10,1.153,1.685,1.0,1.533955,1.76865
1046,1515643,161025,2015-04-09,1.129,1.661,1.0,1.533955,1.731835
1047,1515642,161025,2015-04-08,1.125,1.657,1.0,1.533955,1.725699
1048,1515641,161025,2015-04-07,1.141,1.673,1.0,1.533955,1.750243
1049,1515640,161025,2015-04-03,1.117,1.649,1.0,1.533955,1.713428
1050,1515639,161025,2015-04-02,1.107,1.639,1.0,1.533955,1.698088
1051,1515638,161025,2015-04-01,1.095,1.627,1.0,1.533955,1.679681
1052,1515637,161025,2015-03-31,1.071,1.603,1.0,1.533955,1.642866
1053,1515636,161025,2015-03-30,1.061,1.593,1.0,1.533955,1.627526
1054,1515635,161025,2015-03-27,1.067,1.599,1.0,1.533955,1.63673
1055,1515634,161025,2015-03-26,1.054,1.586,1.0,1.533955,1.616789
1056,1515633,161025,2015-03-25,1.08,1.612,1.0,1.533955,1.656671
1057,1515632,161025,2015-03-24,1.071,1.603,1.0,1.533955,1.642866
1058,1515631,161025,2015-03-23,1.054,1.586,1.0,1.533955,1.616789
1059,1515630,161025,2015-03-20,1.018,1.55,1.0,1.533955,1.561566
1060,1515629,161025,2015-03-19,1.0,1.532,1.522805,1.533955,1.533955
1061,1515628,161025,2015-03-18,1.516,1.525,1.0,1.007322,1.5271
1062,1515627,161025,2015-03-17,1.482,1.491,1.0,1.007322,1.492851
1063,1515626,161025,2015-03-16,1.473,1.482,1.0,1.007322,1.483785
1064,1515625,161025,2015-03-13,1.411,1.42,1.0,1.007322,1.421331
1065,1515624,161025,2015-03-12,1.386,1.395,1.0,1.007322,1.396148
1066,1515623,161025,2015-03-11,1.393,1.402,1.0,1.007322,1.4032
1067,1515622,161025,2015-03-10,1.395,1.404,1.0,1.007322,1.405214
1068,1515621,161025,2015-03-09,1.37,1.379,1.0,1.007322,1.380031
1069,1515620,161025,2015-03-06,1.354,1.363,1.0,1.007322,1.363914
1070,1515619,161025,2015-03-05,1.393,1.402,1.0,1.007322,1.4032
1071,1515618,161025,2015-03-04,1.395,1.404,1.0,1.007322,1.405214
1072,1515617,161025,2015-03-03,1.37,1.379,1.0,1.007322,1.380031
1073,1515616,161025,2015-03-02,1.389,1.398,1.0,1.007322,1.39917
1074,1515615,161025,2015-02-27,1.36,1.369,1.0,1.007322,1.369958
1075,1515614,161025,2015-02-26,1.335,1.344,1.0,1.007322,1.344775
1076,1515613,161025,2015-02-25,1.327,1.336,1.0,1.007322,1.336716
1077,1515612,161025,2015-02-17,1.35,1.359,1.0,1.007322,1.359885
1078,1515611,161025,2015-02-16,1.346,1.355,1.0,1.007322,1.355855
1079,1515610,161025,2015-02-13,1.298,1.307,1.0,1.007322,1.307504
1080,1515609,161025,2015-02-12,1.282,1.291,1.0,1.007322,1.291387
1081,1515608,161025,2015-02-11,1.27,1.279,1.0,1.007322,1.279299
1082,1515607,161025,2015-02-10,1.239,1.248,1.0,1.007322,1.248072
1083,1515606,161025,2015-02-09,1.209,1.218,1.0,1.007322,1.217852
1084,1515605,161025,2015-02-06,1.217,1.226,1.0,1.007322,1.225911
1085,1515604,161025,2015-02-05,1.245,1.254,1.0,1.007322,1.254116
1086,1515603,161025,2015-02-04,1.233,1.242,1.0,1.007322,1.242028
1087,1515602,161025,2015-02-03,1.235,1.244,1.0,1.007322,1.244043
1088,1515601,161025,2015-02-02,1.192,1.201,1.0,1.007322,1.200728
1089,1515600,161025,2015-01-30,1.188,1.197,1.0,1.007322,1.196699
1090,1515599,161025,2015-01-29,1.21,1.219,1.0,1.007322,1.21886
1091,1515598,161025,2015-01-28,1.216,1.225,1.0,1.007322,1.224904
1092,1515597,161025,2015-01-27,1.231,1.24,1.0,1.007322,1.240013
1093,1515596,161025,2015-01-26,1.221,1.23,1.0,1.007322,1.22994
1094,1515595,161025,2015-01-23,1.185,1.194,1.0,1.007322,1.193677
1095,1515594,161025,2015-01-22,1.215,1.224,1.0,1.007322,1.223896
1096,1515593,161025,2015-01-21,1.204,1.213,1.0,1.007322,1.212816
1097,1515592,161025,2015-01-20,1.184,1.193,1.0,1.007322,1.192669
1098,1515591,161025,2015-01-19,1.138,1.147,1.0,1.007322,1.146332
1099,1515590,161025,2015-01-16,1.167,1.176,1.0,1.007322,1.175545
1100,1515589,161025,2015-01-15,1.129,1.138,1.0,1.007322,1.137267
1101,1515588,161025,2015-01-14,1.121,1.13,1.0,1.007322,1.129208
1102,1515587,161025,2015-01-13,1.127,1.136,1.0,1.007322,1.135252
1103,1515586,161025,2015-01-12,1.11,1.119,1.0,1.007322,1.118127
1104,1515585,161025,2015-01-09,1.098,1.107,1.0,1.007322,1.10604
1105,1515584,161025,2015-01-08,1.098,1.107,1.0,1.007322,1.10604
1106,1515583,161025,2015-01-07,1.098,1.107,1.0,1.007322,1.10604
1107,1515582,161025,2015-01-06,1.101,1.11,1.0,1.007322,1.109062
1108,1515581,161025,2015-01-05,1.069,1.078,1.0,1.007322,1.076827
1109,1515580,161025,2014-12-31,1.061,1.07,1.0,1.007322,1.068769
1110,1515579,161025,2014-12-30,1.05,1.059,1.0,1.007322,1.057688
1111,1515578,161025,2014-12-29,1.074,1.083,1.0,1.007322,1.081864
1112,1515577,161025,2014-12-26,1.099,1.108,1.0,1.007322,1.107047
1113,1515576,161025,2014-12-25,1.088,1.097,1.0,1.007322,1.095966
1114,1515575,161025,2014-12-24,1.072,1.081,1.0,1.007322,1.079849
1115,1515574,161025,2014-12-23,1.062,1.071,1.0,1.007322,1.069776
1116,1515573,161025,2014-12-22,1.075,1.084,1.0,1.007322,1.082871
1117,1515572,161025,2014-12-19,1.128,1.137,1.0,1.007322,1.136259
1118,1515571,161025,2014-12-18,1.143,1.152,1.0,1.007322,1.151369
1119,1515570,161025,2014-12-17,1.151,1.16,1.0,1.007322,1.159428
1120,1515569,161025,2014-12-16,1.157,1.166,1.0,1.007322,1.165472
1121,1515568,161025,2014-12-15,1.154,1.163,1.007322,1.007322,1.16245
1122,1515567,161025,2014-12-12,1.138,1.138,1.0,1.0,1.138
1123,1515566,161025,2014-12-11,1.122,1.122,1.0,1.0,1.122
1124,1515565,161025,2014-12-10,1.117,1.117,1.0,1.0,1.117
1125,1515564,161025,2014-12-09,1.076,1.076,1.0,1.0,1.076
1126,1515563,161025,2014-12-08,1.116,1.116,1.0,1.0,1.116
1127,1515562,161025,2014-12-05,1.114,1.114,1.0,1.0,1.114
1128,1515561,161025,2014-12-04,1.13,1.13,1.0,1.0,1.13
1129,1515560,161025,2014-12-03,1.106,1.106,1.0,1.0,1.106
1130,1515559,161025,2014-12-02,1.087,1.087,1.0,1.0,1.087
1131,1515558,161025,2014-12-01,1.077,1.077,1.0,1.0,1.077
1132,1515557,161025,2014-11-28,1.083,1.083,1.0,1.0,1.083
1133,1515556,161025,2014-11-27,1.073,1.073,1.0,1.0,1.073
1134,1515555,161025,2014-11-26,1.071,1.071,1.0,1.0,1.071
1135,1515554,161025,2014-11-25,1.065,1.065,1.0,1.0,1.065
1136,1515553,161025,2014-11-24,1.046,1.046,1.0,1.0,1.046
1137,1515552,161025,2014-11-21,1.03,1.03,1.0,1.0,1.03
1138,1515551,161025,2014-11-20,1.021,1.021,1.0,1.0,1.021
1139,1515550,161025,2014-11-19,1.028,1.028,1.0,1.0,1.028
1140,1515549,161025,2014-11-18,1.017,1.017,1.0,1.0,1.017
1141,1515548,161025,2014-11-17,1.013,1.013,1.0,1.0,1.013
1142,1515547,161025,2014-11-14,1.001,1.001,1.0,1.0,1.001
1143,1515546,161025,2014-11-13,1.002,1.002,1.0,1.0,1.002
1144,1515545,161025,2014-11-12,1.017,1.017,1.0,1.0,1.017
1145,1515544,161025,2014-11-11,1.005,1.005,1.0,1.0,1.005
1146,1515543,161025,2014-11-10,1.036,1.036,1.0,1.0,1.036
1147,1515542,161025,2014-11-07,1.031,1.031,1.0,1.0,1.031
1148,1515541,161025,2014-11-06,1.035,1.035,1.0,1.0,1.035
1149,1515540,161025,2014-11-05,1.028,1.028,1.0,1.0,1.028
1150,1515539,161025,2014-11-04,1.031,1.031,1.0,1.0,1.031
1151,1515538,161025,2014-11-03,1.039,1.039,1.0,1.0,1.039
1152,1515537,161025,2014-10-31,1.03,1.03,1.0,1.0,1.03
1153,1515536,161025,2014-10-30,1.034,1.034,1.0,1.0,1.034
1154,1515535,161025,2014-10-29,1.035,1.035,1.0,1.0,1.035
1155,1515534,161025,2014-10-28,1.025,1.025,1.0,1.0,1.025
1156,1515533,161025,2014-10-27,1.008,1.008,1.0,1.0,1.008
1157,1515532,161025,2014-10-24,1.004,1.004,1.0,1.0,1.004
1158,1515531,161025,2014-10-23,1.002,1.002,1.0,1.0,1.002
1159,1515530,161025,2014-10-22,1.015,1.015,1.0,1.0,1.015
1160,1515529,161025,2014-10-21,1.021,1.021,1.0,1.0,1.021
1161,1515528,161025,2014-10-20,1.027,1.027,1.0,1.0,1.027
1162,1515527,161025,2014-10-17,1.013,1.013,1.0,1.0,1.013
1163,1515526,161025,2014-10-16,1.02,1.02,1.0,1.0,1.02
1164,1515525,161025,2014-10-15,1.033,1.033,1.0,1.0,1.033
1165,1515524,161025,2014-10-14,1.026,1.026,1.0,1.0,1.026
1166,1515523,161025,2014-10-13,1.029,1.029,1.0,1.0,1.029
1167,1515522,161025,2014-10-10,1.035,1.035,1.0,1.0,1.035
1168,1515521,161025,2014-10-09,1.039,1.039,1.0,1.0,1.039
1169,1515520,161025,2014-10-08,1.037,1.037,1.0,1.0,1.037
1170,1515519,161025,2014-09-30,1.035,1.035,1.0,1.0,1.035
1171,1515518,161025,2014-09-29,1.026,1.026,1.0,1.0,1.026
1172,1515517,161025,2014-09-26,1.021,1.021,1.0,1.0,1.021
1173,1515516,161025,2014-09-25,1.018,1.018,1.0,1.0,1.018
1174,1515515,161025,2014-09-24,1.019,1.019,1.0,1.0,1.019
1175,1515514,161025,2014-09-23,1.011,1.011,1.0,1.0,1.011
1176,1515513,161025,2014-09-22,0.998,0.998,1.0,1.0,0.998
1177,1515512,161025,2014-09-19,1.007,1.007,1.0,1.0,1.007
1178,1515511,161025,2014-09-18,1.001,1.001,1.0,1.0,1.001
1179,1515510,161025,2014-09-17,1.0,1.0,1.0,1.0,1.0
1180,1515509,161025,2014-09-16,0.998,0.998,1.0,1.0,0.998
1181,1515508,161025,2014-09-15,1.002,1.002,1.0,1.0,1.002
1182,1515507,161025,2014-09-12,1.0,1.0,1.0,1.0,1.0
1183,1515506,161025,2014-09-11,1.0,1.0,1.0,1.0,1.0
1184,1515505,161025,2014-09-05,1.0,1.0,1.0,1.0,1.0
1185,1515504,161025,2014-09-04,1.0,1.0,1.0,1.0,1.0
1186,1515503,161025,2014-09-03,1.0,1.0,1.0,1.0,1.0
1187,1515502,161025,2014-09-02,1.0,1.0,1.0,1.0,1.0
